problem_index,problem_pn,component_type,layer,head,component_name,baseline_steering,ablated_steering,steering_change,steering_drop,answer_letters
32,408,attn_head,45,35,L45H35,0.1,0.0,-0.1,0.1,BBBBBBBBBB
32,408,attn_head,33,8,L33H8,0.1,0.0,-0.1,0.1,BBBBBBBABB
32,408,attn_head,46,0,L46H0,0.1,0.0,-0.1,0.1,BBBBBBBBBB
32,408,attn_head,34,17,L34H17,0.1,0.0,-0.1,0.1,DBBBBDBABB
32,408,attn_head,39,30,L39H30,0.1,0.0,-0.1,0.1,BBBBBB-BBA
32,408,attn_head,40,8,L40H8,0.1,0.0,-0.1,0.1,BBBBBBBBBB
32,408,attn_head,39,5,L39H5,0.1,0.0,-0.1,0.1,BBBBBBBBBB
32,408,attn_head,41,25,L41H25,0.1,0.0,-0.1,0.1,BBDBBBB-BB
32,408,attn_head,46,39,L46H39,0.1,0.0,-0.1,0.1,BBABBBA-B-
32,408,attn_head,39,2,L39H2,0.1,0.0,-0.1,0.1,BBBBBBBABB
32,408,attn_head,45,36,L45H36,0.1,0.1,0.0,-0.0,BBBBBCBBDB
32,408,attn_head,47,22,L47H22,0.1,0.1,0.0,-0.0,BBBBBC-BBB
32,408,attn_head,47,25,L47H25,0.1,0.1,0.0,-0.0,BBBBBBBCDB
32,408,attn_head,46,9,L46H9,0.1,0.1,0.0,-0.0,BBBBBB-CB-
32,408,mlp,36,-1,L36_MLP,0.1,0.1,0.0,-0.0,BBBBBBBBBC
32,408,attn_head,39,22,L39H22,0.1,0.1,0.0,-0.0,BBBCDBBBDB
32,408,attn_head,41,35,L41H35,0.1,0.1,0.0,-0.0,BBBCBBDBDA
32,408,attn_head,41,31,L41H31,0.1,0.1,0.0,-0.0,ADBBBBBBBC
32,408,attn_head,42,0,L42H0,0.1,0.1,0.0,-0.0,CBBBABBBBB
32,408,attn_head,34,36,L34H36,0.1,0.1,0.0,-0.0,BBBBBBBBCB
32,408,attn_head,34,3,L34H3,0.1,0.1,0.0,-0.0,CBBABBBBBB
32,408,attn_head,35,2,L35H2,0.1,0.1,0.0,-0.0,BBBABBBCBB
32,408,attn_head,34,32,L34H32,0.1,0.1,0.0,-0.0,DCDBBBBBBB
32,408,attn_head,42,14,L42H14,0.1,0.1,0.0,-0.0,BBBDBBBCBD
32,408,attn_head,41,11,L41H11,0.1,0.1,0.0,-0.0,BBBBCBBBBB
32,408,attn_head,43,28,L43H28,0.1,0.1,0.0,-0.0,CBBBB-BBBB
32,408,attn_head,46,27,L46H27,0.1,0.1,0.0,-0.0,CBB-BBBBBB
32,408,mlp,33,-1,L33_MLP,0.1,0.1,0.0,-0.0,CBBBBBBBBB
32,408,attn_head,42,13,L42H13,0.1,0.1,0.0,-0.0,BBCBBBBBBB
32,408,attn_head,47,28,L47H28,0.1,0.1,0.0,-0.0,BB-BBBBBBC
32,408,attn_head,32,38,L32H38,0.1,0.1,0.0,-0.0,BBBBB-BDCB
32,408,attn_head,36,31,L36H31,0.1,0.1,0.0,-0.0,BBBBBB-BBC
32,408,attn_head,44,37,L44H37,0.1,0.1,0.0,-0.0,BCBB---BBB
32,408,attn_head,37,5,L37H5,0.1,0.1,0.0,-0.0,BBBBCBBDBB
32,408,attn_head,37,39,L37H39,0.1,0.1,0.0,-0.0,BBBCBBBBBB
32,408,attn_head,43,11,L43H11,0.1,0.1,0.0,-0.0,BBBCBABBBB
32,408,attn_head,37,38,L37H38,0.1,0.1,0.0,-0.0,-BCBB-BBBB
32,408,attn_head,42,34,L42H34,0.1,0.1,0.0,-0.0,BBBBBBBCBB
32,408,attn_head,38,24,L38H24,0.1,0.1,0.0,-0.0,BBA--CBBBB
32,408,attn_head,44,9,L44H9,0.1,0.1,0.0,-0.0,CBBBBBBBAB
32,408,attn_head,37,18,L37H18,0.1,0.1,0.0,-0.0,BBBBCBBBBA
32,408,attn_head,36,22,L36H22,0.1,0.1,0.0,-0.0,CBBBB-BBBB
32,408,attn_head,36,24,L36H24,0.1,0.1,0.0,-0.0,DBBBB-BCBB
32,408,attn_head,36,15,L36H15,0.1,0.1,0.0,-0.0,BBBBBBBBBC
32,408,attn_head,37,14,L37H14,0.1,0.1,0.0,-0.0,BBBB-BBCBB
32,408,attn_head,36,17,L36H17,0.1,0.1,0.0,-0.0,BBBBBBBCBA
32,408,attn_head,35,19,L35H19,0.1,0.1,0.0,-0.0,BBCB-BB-BB
32,408,attn_head,35,36,L35H36,0.1,0.1,0.0,-0.0,B-BCBBBBBB
32,408,attn_head,45,3,L45H3,0.1,0.1,0.0,-0.0,BBBBBBBDCA
32,408,attn_head,42,11,L42H11,0.1,0.1,0.0,-0.0,-BBBBCBD-B
32,408,attn_head,39,10,L39H10,0.1,0.1,0.0,-0.0,B--BCBBBBB
32,408,attn_head,39,1,L39H1,0.1,0.1,0.0,-0.0,BBBBBBCBAB
32,408,attn_head,36,1,L36H1,0.1,0.1,0.0,-0.0,BCBBBBBBBB
32,408,attn_head,42,24,L42H24,0.1,0.1,0.0,-0.0,BCBBBBBBBB
32,408,attn_head,37,2,L37H2,0.1,0.1,0.0,-0.0,BBBBBBBBBC
32,408,attn_head,34,30,L34H30,0.1,0.1,0.0,-0.0,BBBBBBBBCB
32,408,attn_head,46,19,L46H19,0.1,0.1,0.0,-0.0,CBBBBBBABA
32,408,attn_head,43,0,L43H0,0.1,0.1,0.0,-0.0,BBBBBBBBBC
32,408,attn_head,35,37,L35H37,0.1,0.1,0.0,-0.0,BABA-BBABC
32,408,mlp,32,-1,L32_MLP,0.1,0.1,0.0,-0.0,BBBCBBBBB-
32,408,attn_head,33,30,L33H30,0.1,0.1,0.0,-0.0,BCBBBBBBBB
32,408,attn_head,44,5,L44H5,0.1,0.1,0.0,-0.0,BBB-B-B-C-
32,408,attn_head,43,22,L43H22,0.1,0.1,0.0,-0.0,BABBBBBBCB
32,408,attn_head,40,14,L40H14,0.1,0.1,0.0,-0.0,-BCDBBBBBB
32,408,attn_head,40,36,L40H36,0.1,0.1,0.0,-0.0,BBBBC-BBBB
32,408,attn_head,40,18,L40H18,0.1,0.1,0.0,-0.0,B-BBBB-BBC
32,408,attn_head,40,27,L40H27,0.1,0.1,0.0,-0.0,CBBBBBBBB-
32,408,attn_head,47,37,L47H37,0.1,0.1,0.0,-0.0,CBBB-BBB--
32,408,attn_head,45,26,L45H26,0.1,0.2,0.1,-0.1,BBBCBCBBBB
32,408,attn_head,34,7,L34H7,0.1,0.2,0.1,-0.1,BBCBBBBBBC
32,408,attn_head,34,2,L34H2,0.1,0.2,0.1,-0.1,BBCBBBBCBB
32,408,attn_head,45,13,L45H13,0.1,0.2,0.1,-0.1,DCCBBBBBBB
32,408,attn_head,35,5,L35H5,0.1,0.2,0.1,-0.1,BBBBB-BBCC
32,408,attn_head,35,14,L35H14,0.1,0.2,0.1,-0.1,BBBBCCBBBB
32,408,attn_head,35,16,L35H16,0.1,0.2,0.1,-0.1,CBCABBBBBB
32,408,attn_head,40,6,L40H6,0.1,0.2,0.1,-0.1,BCCBBABBBB
32,408,attn_head,39,31,L39H31,0.1,0.2,0.1,-0.1,CCBBBBDBBB
32,408,attn_head,42,31,L42H31,0.1,0.2,0.1,-0.1,CBBBBCB-BB
32,408,attn_head,42,33,L42H33,0.1,0.2,0.1,-0.1,BCBBBB-BBC
32,408,attn_head,34,19,L34H19,0.1,0.2,0.1,-0.1,BCBBBBBCBB
32,408,attn_head,34,14,L34H14,0.1,0.2,0.1,-0.1,BCBC-BBBBB
32,408,attn_head,42,5,L42H5,0.1,0.2,0.1,-0.1,BBBCBBBBBC
32,408,attn_head,41,38,L41H38,0.1,0.2,0.1,-0.1,BBCDBDBBBC
32,408,mlp,37,-1,L37_MLP,0.1,0.2,0.1,-0.1,BBCB-BCBBB
32,408,mlp,39,-1,L39_MLP,0.1,0.2,0.1,-0.1,BBBBBBBCBC
32,408,attn_head,33,0,L33H0,0.1,0.2,0.1,-0.1,BBBCCBBBBB
32,408,attn_head,41,37,L41H37,0.1,0.2,0.1,-0.1,ABCBBBBCBB
32,408,attn_head,46,10,L46H10,0.1,0.2,0.1,-0.1,CBBBBBBCBB
32,408,attn_head,46,22,L46H22,0.1,0.2,0.1,-0.1,BBBCBBBC-B
32,408,attn_head,32,22,L32H22,0.1,0.2,0.1,-0.1,BBCBBBBBC-
32,408,attn_head,33,13,L33H13,0.1,0.2,0.1,-0.1,BCB-BBBBCB
32,408,attn_head,34,16,L34H16,0.1,0.2,0.1,-0.1,BBBBBCBCBB
32,408,attn_head,45,39,L45H39,0.1,0.2,0.1,-0.1,CBBBBBCBBB
32,408,attn_head,41,17,L41H17,0.1,0.2,0.1,-0.1,BB-BCBBCBB
32,408,attn_head,34,18,L34H18,0.1,0.2,0.1,-0.1,CBBBCBBBBB
32,408,attn_head,32,8,L32H8,0.1,0.2,0.1,-0.1,-CBBB-BBBC
32,408,attn_head,32,29,L32H29,0.1,0.2,0.1,-0.1,BBBB-BCBCB
32,408,attn_head,47,35,L47H35,0.1,0.2,0.1,-0.1,BCBB-CBBB-
32,408,attn_head,32,34,L32H34,0.1,0.2,0.1,-0.1,CABBBBC-BB
32,408,attn_head,47,23,L47H23,0.1,0.2,0.1,-0.1,BBBBBCBCBB
32,408,attn_head,32,30,L32H30,0.1,0.2,0.1,-0.1,BBBBBBCC-B
32,408,attn_head,47,19,L47H19,0.1,0.2,0.1,-0.1,DCBBCB-BBB
32,408,attn_head,34,8,L34H8,0.1,0.2,0.1,-0.1,BBCBDABBCB
32,408,attn_head,39,25,L39H25,0.1,0.2,0.1,-0.1,CBBBBBBBCB
32,408,attn_head,41,27,L41H27,0.1,0.2,0.1,-0.1,BBBCBBCBBB
32,408,attn_head,34,35,L34H35,0.1,0.2,0.1,-0.1,BBBBBCCBAB
32,408,attn_head,40,0,L40H0,0.1,0.2,0.1,-0.1,BABCBBCBBB
32,408,attn_head,44,21,L44H21,0.1,0.2,0.1,-0.1,BBBBCBBCBB
32,408,attn_head,34,0,L34H0,0.1,0.2,0.1,-0.1,BBBBCBC-BB
32,408,attn_head,36,4,L36H4,0.1,0.2,0.1,-0.1,C-BBBBBCBD
32,408,attn_head,44,16,L44H16,0.1,0.2,0.1,-0.1,BBBCBBB-BC
32,408,attn_head,42,27,L42H27,0.1,0.2,0.1,-0.1,BCBBCBBB-B
32,408,attn_head,42,39,L42H39,0.1,0.2,0.1,-0.1,ABBBB-BCBC
32,408,attn_head,42,36,L42H36,0.1,0.2,0.1,-0.1,CBD-B-BBCB
32,408,attn_head,42,35,L42H35,0.1,0.2,0.1,-0.1,CBCBBBBBB-
32,408,attn_head,35,35,L35H35,0.1,0.2,0.1,-0.1,BB-CBBBBCB
32,408,attn_head,39,9,L39H9,0.1,0.2,0.1,-0.1,BBBCBBBABC
32,408,attn_head,46,20,L46H20,0.1,0.2,0.1,-0.1,CCAABBBBBB
32,408,attn_head,34,28,L34H28,0.1,0.2,0.1,-0.1,BCBBC-BBBB
32,408,attn_head,45,31,L45H31,0.1,0.2,0.1,-0.1,BBCBCBBBB-
32,408,attn_head,45,22,L45H22,0.1,0.2,0.1,-0.1,BBBCCBBBBB
32,408,attn_head,45,5,L45H5,0.1,0.2,0.1,-0.1,BDBDBCBBBC
32,408,attn_head,45,6,L45H6,0.1,0.2,0.1,-0.1,BCBDBBBBCB
32,408,attn_head,44,34,L44H34,0.1,0.2,0.1,-0.1,BDBBCBBBBC
32,408,attn_head,45,28,L45H28,0.1,0.2,0.1,-0.1,BBBBCCBB-B
32,408,attn_head,45,30,L45H30,0.1,0.2,0.1,-0.1,BBCBBBCBBB
32,408,attn_head,34,37,L34H37,0.1,0.2,0.1,-0.1,BBBBBCBDBC
32,408,attn_head,38,14,L38H14,0.1,0.2,0.1,-0.1,CBBBBBCBBB
32,408,attn_head,44,2,L44H2,0.1,0.2,0.1,-0.1,BBB-CBBBBC
32,408,attn_head,35,28,L35H28,0.1,0.2,0.1,-0.1,BABCCBBBBB
32,408,attn_head,35,26,L35H26,0.1,0.2,0.1,-0.1,BBCABBCBBA
32,408,attn_head,35,22,L35H22,0.1,0.2,0.1,-0.1,BBBBCBBABC
32,408,attn_head,36,30,L36H30,0.1,0.2,0.1,-0.1,CBB-BCB-BB
32,408,attn_head,36,27,L36H27,0.1,0.2,0.1,-0.1,CBBBBCBBBB
32,408,attn_head,42,28,L42H28,0.1,0.2,0.1,-0.1,BBBBBBCBBC
32,408,attn_head,38,38,L38H38,0.1,0.2,0.1,-0.1,C-BBBBCBBB
32,408,attn_head,39,11,L39H11,0.1,0.2,0.1,-0.1,BBBCBCBBBA
32,408,attn_head,38,26,L38H26,0.1,0.2,0.1,-0.1,C-BB-BBCBB
32,408,attn_head,38,30,L38H30,0.1,0.2,0.1,-0.1,CBBBCBBBBB
32,408,attn_head,42,18,L42H18,0.1,0.2,0.1,-0.1,BBBBCCBBBB
32,408,attn_head,37,6,L37H6,0.1,0.2,0.1,-0.1,BBBBBBCCBB
32,408,attn_head,42,22,L42H22,0.1,0.2,0.1,-0.1,CBBCBBBBBB
32,408,attn_head,36,26,L36H26,0.1,0.2,0.1,-0.1,CCBBBBBB-B
32,408,attn_head,45,1,L45H1,0.1,0.2,0.1,-0.1,BBCBBCBBBB
32,408,attn_head,45,0,L45H0,0.1,0.2,0.1,-0.1,CBBBBCBBBA
32,408,attn_head,44,14,L44H14,0.1,0.2,0.1,-0.1,BBCBBBBBCB
32,408,attn_head,44,26,L44H26,0.1,0.2,0.1,-0.1,-BBB-BBCBC
32,408,attn_head,44,24,L44H24,0.1,0.2,0.1,-0.1,BBCBBBBBBC
32,408,attn_head,33,38,L33H38,0.1,0.2,0.1,-0.1,BCBBBBBBBC
32,408,attn_head,38,17,L38H17,0.1,0.2,0.1,-0.1,BBBBBCBBBC
32,408,attn_head,38,3,L38H3,0.1,0.2,0.1,-0.1,-BBBBBBCCB
32,408,attn_head,43,6,L43H6,0.1,0.2,0.1,-0.1,BABCBB-BCD
32,408,attn_head,43,15,L43H15,0.1,0.2,0.1,-0.1,BBBCBBBCBB
32,408,attn_head,43,36,L43H36,0.1,0.2,0.1,-0.1,BCBB--CBBB
32,408,attn_head,38,2,L38H2,0.1,0.2,0.1,-0.1,BCBBDBBBCB
32,408,attn_head,43,7,L43H7,0.1,0.2,0.1,-0.1,CCBBBB-BBB
32,408,attn_head,38,25,L38H25,0.1,0.2,0.1,-0.1,BBBBB-BCBC
32,408,attn_head,38,19,L38H19,0.1,0.2,0.1,-0.1,BBBABCCBBB
32,408,attn_head,38,18,L38H18,0.1,0.2,0.1,-0.1,B-BCBABBBC
32,408,attn_head,46,36,L46H36,0.1,0.2,0.1,-0.1,BBBBBABBCC
32,408,attn_head,37,25,L37H25,0.1,0.2,0.1,-0.1,BBCC-BBBBB
32,408,attn_head,37,24,L37H24,0.1,0.2,0.1,-0.1,CBBBBBCBDB
32,408,attn_head,37,12,L37H12,0.1,0.2,0.1,-0.1,-BBCCBBBDB
32,408,attn_head,43,18,L43H18,0.1,0.2,0.1,-0.1,B-BA-BCBBC
32,408,attn_head,43,33,L43H33,0.1,0.2,0.1,-0.1,BBBCBCBBD-
32,408,attn_head,43,32,L43H32,0.1,0.2,0.1,-0.1,BBBBBBDBCC
32,408,attn_head,37,19,L37H19,0.1,0.2,0.1,-0.1,ABCBC-BBB-
32,408,attn_head,44,3,L44H3,0.1,0.2,0.1,-0.1,CBCBBDBBBB
32,408,attn_head,44,7,L44H7,0.1,0.2,0.1,-0.1,BCBBBBBCBB
32,408,attn_head,44,4,L44H4,0.1,0.2,0.1,-0.1,BBBCBBDBAC
32,408,attn_head,47,2,L47H2,0.1,0.2,0.1,-0.1,BCBBBCBBBA
32,408,attn_head,33,11,L33H11,0.1,0.2,0.1,-0.1,C-BBBBA-BC
32,408,attn_head,33,10,L33H10,0.1,0.2,0.1,-0.1,BCBBBBBCBB
32,408,attn_head,32,4,L32H4,0.1,0.2,0.1,-0.1,-ABBCCBDBB
32,408,attn_head,32,5,L32H5,0.1,0.2,0.1,-0.1,BBBABBCC-B
32,408,attn_head,33,19,L33H19,0.1,0.2,0.1,-0.1,BBCABBBCBB
32,408,attn_head,46,31,L46H31,0.1,0.2,0.1,-0.1,BBCB-CBBB-
32,408,mlp,41,-1,L41_MLP,0.1,0.2,0.1,-0.1,BCBBBBBBBC
32,408,attn_head,32,7,L32H7,0.1,0.2,0.1,-0.1,CBBBDBBBCB
32,408,attn_head,47,16,L47H16,0.1,0.2,0.1,-0.1,BBBBCCBBBB
32,408,attn_head,40,31,L40H31,0.1,0.2,0.1,-0.1,C-BBDBBBCB
32,408,attn_head,41,23,L41H23,0.1,0.2,0.1,-0.1,BCCBBBBAAB
32,408,attn_head,41,13,L41H13,0.1,0.2,0.1,-0.1,CBBD--BBCB
32,408,attn_head,40,34,L40H34,0.1,0.2,0.1,-0.1,CBBBBBCBBB
32,408,attn_head,41,4,L41H4,0.1,0.2,0.1,-0.1,BBBCCBBBBB
32,408,attn_head,41,3,L41H3,0.1,0.2,0.1,-0.1,CBCBBBBBBB
32,408,attn_head,40,16,L40H16,0.1,0.2,0.1,-0.1,BBBBBCBBC-
32,408,attn_head,40,26,L40H26,0.1,0.2,0.1,-0.1,BBBBBBCBBC
32,408,mlp,46,-1,L46_MLP,0.1,0.2,0.1,-0.1,BCBBBBBCBB
32,408,attn_head,32,0,L32H0,0.1,0.2,0.1,-0.1,CCBB-BBBBB
32,408,attn_head,40,11,L40H11,0.1,0.2,0.1,-0.1,BBBBBBCC-B
32,408,attn_head,40,22,L40H22,0.1,0.3,0.19999999999999998,-0.19999999999999998,CB-BBBDCBC
32,408,attn_head,40,23,L40H23,0.1,0.3,0.19999999999999998,-0.19999999999999998,CCBBBBCBBB
32,408,attn_head,40,24,L40H24,0.1,0.3,0.19999999999999998,-0.19999999999999998,BBBCBCBBCB
32,408,attn_head,40,10,L40H10,0.1,0.3,0.19999999999999998,-0.19999999999999998,BBBCBCCBBB
32,408,attn_head,40,39,L40H39,0.1,0.3,0.19999999999999998,-0.19999999999999998,ABCBBBBBCC
32,408,attn_head,40,28,L40H28,0.1,0.3,0.19999999999999998,-0.19999999999999998,CBABBCDADC
32,408,attn_head,40,29,L40H29,0.1,0.3,0.19999999999999998,-0.19999999999999998,CBBBBCBBCB
32,408,attn_head,40,30,L40H30,0.1,0.3,0.19999999999999998,-0.19999999999999998,CBBBCBCBB-
32,408,attn_head,40,33,L40H33,0.1,0.3,0.19999999999999998,-0.19999999999999998,CBBBBCCBBB
32,408,attn_head,41,5,L41H5,0.1,0.3,0.19999999999999998,-0.19999999999999998,BCBBABCBBC
32,408,attn_head,41,8,L41H8,0.1,0.3,0.19999999999999998,-0.19999999999999998,BBCBCCBBDB
32,408,attn_head,41,9,L41H9,0.1,0.3,0.19999999999999998,-0.19999999999999998,-BBBBBCCCB
32,408,attn_head,40,38,L40H38,0.1,0.3,0.19999999999999998,-0.19999999999999998,CBBBBBBCCA
32,408,attn_head,41,19,L41H19,0.1,0.3,0.19999999999999998,-0.19999999999999998,BBBBBBCCBC
32,408,attn_head,41,21,L41H21,0.1,0.3,0.19999999999999998,-0.19999999999999998,CCBBBBCBBB
32,408,attn_head,33,28,L33H28,0.1,0.3,0.19999999999999998,-0.19999999999999998,BBBCBBBBCC
32,408,attn_head,33,29,L33H29,0.1,0.3,0.19999999999999998,-0.19999999999999998,CCBBB-BCB-
32,408,attn_head,33,31,L33H31,0.1,0.3,0.19999999999999998,-0.19999999999999998,BBBCBBCBCB
32,408,attn_head,33,22,L33H22,0.1,0.3,0.19999999999999998,-0.19999999999999998,BBCBBCCDBB
32,408,attn_head,46,38,L46H38,0.1,0.3,0.19999999999999998,-0.19999999999999998,BBBCDBBCBC
32,408,attn_head,47,1,L47H1,0.1,0.3,0.19999999999999998,-0.19999999999999998,BBDACCBCB-
32,408,attn_head,46,26,L46H26,0.1,0.3,0.19999999999999998,-0.19999999999999998,C-BBBCBBCB
32,408,attn_head,46,32,L46H32,0.1,0.3,0.19999999999999998,-0.19999999999999998,BBACCBBCBB
32,408,attn_head,33,26,L33H26,0.1,0.3,0.19999999999999998,-0.19999999999999998,BCCBBBBBBC
32,408,attn_head,47,13,L47H13,0.1,0.3,0.19999999999999998,-0.19999999999999998,BCBB-BBBCC
32,408,attn_head,47,4,L47H4,0.1,0.3,0.19999999999999998,-0.19999999999999998,CCBBBBBBBC
32,408,attn_head,47,7,L47H7,0.1,0.3,0.19999999999999998,-0.19999999999999998,CB-BCCBBBB
32,408,attn_head,46,35,L46H35,0.1,0.3,0.19999999999999998,-0.19999999999999998,CBBBBCBBCB
32,408,attn_head,46,37,L46H37,0.1,0.3,0.19999999999999998,-0.19999999999999998,BCBBBCBBBC
32,408,mlp,43,-1,L43_MLP,0.1,0.3,0.19999999999999998,-0.19999999999999998,CCABBBCBBB
32,408,attn_head,32,3,L32H3,0.1,0.3,0.19999999999999998,-0.19999999999999998,CBBCBBCBBB
32,408,attn_head,35,20,L35H20,0.1,0.3,0.19999999999999998,-0.19999999999999998,BCBBBBBCCB
32,408,attn_head,35,21,L35H21,0.1,0.3,0.19999999999999998,-0.19999999999999998,B-CCB-CBBB
32,408,attn_head,37,20,L37H20,0.1,0.3,0.19999999999999998,-0.19999999999999998,CBBC-BBBCB
32,408,attn_head,37,21,L37H21,0.1,0.3,0.19999999999999998,-0.19999999999999998,BBBCBC-CBB
32,408,attn_head,37,23,L37H23,0.1,0.3,0.19999999999999998,-0.19999999999999998,BBBBCBBC-C
32,408,attn_head,37,10,L37H10,0.1,0.3,0.19999999999999998,-0.19999999999999998,BBCBBBBCCB
32,408,attn_head,37,13,L37H13,0.1,0.3,0.19999999999999998,-0.19999999999999998,-BBB-CCBBC
32,408,attn_head,43,24,L43H24,0.1,0.3,0.19999999999999998,-0.19999999999999998,BCBBBBBCCB
32,408,attn_head,43,25,L43H25,0.1,0.3,0.19999999999999998,-0.19999999999999998,BDBBBCDBCC
32,408,attn_head,37,29,L37H29,0.1,0.3,0.19999999999999998,-0.19999999999999998,BBCBCBCBBD
32,408,attn_head,37,31,L37H31,0.1,0.3,0.19999999999999998,-0.19999999999999998,-CBBBBCCBB
32,408,attn_head,37,32,L37H32,0.1,0.3,0.19999999999999998,-0.19999999999999998,-BCBCBCBB-
32,408,attn_head,37,33,L37H33,0.1,0.3,0.19999999999999998,-0.19999999999999998,BBCBBBCBCB
32,408,attn_head,44,0,L44H0,0.1,0.3,0.19999999999999998,-0.19999999999999998,B-BBCBBCCB
32,408,attn_head,44,1,L44H1,0.1,0.3,0.19999999999999998,-0.19999999999999998,BBCBCBCBBB
32,408,attn_head,43,23,L43H23,0.1,0.3,0.19999999999999998,-0.19999999999999998,BCBBBBCCBB
32,408,attn_head,44,8,L44H8,0.1,0.3,0.19999999999999998,-0.19999999999999998,BCABBBBBCC
32,408,attn_head,43,34,L43H34,0.1,0.3,0.19999999999999998,-0.19999999999999998,B-CBCBB-CB
32,408,attn_head,43,16,L43H16,0.1,0.3,0.19999999999999998,-0.19999999999999998,BCBBCBCBBB
32,408,attn_head,43,2,L43H2,0.1,0.3,0.19999999999999998,-0.19999999999999998,BBBCBBBCCB
32,408,attn_head,43,5,L43H5,0.1,0.3,0.19999999999999998,-0.19999999999999998,CBBDCBBBBC
32,408,attn_head,38,6,L38H6,0.1,0.3,0.19999999999999998,-0.19999999999999998,CABACCBBBB
32,408,attn_head,38,9,L38H9,0.1,0.3,0.19999999999999998,-0.19999999999999998,BBBBBCBCDC
32,408,attn_head,38,1,L38H1,0.1,0.3,0.19999999999999998,-0.19999999999999998,BCBBCBBBBC
32,408,attn_head,37,8,L37H8,0.1,0.3,0.19999999999999998,-0.19999999999999998,-CBBBCBC-B
32,408,attn_head,38,20,L38H20,0.1,0.3,0.19999999999999998,-0.19999999999999998,BBBBCBCBCB
32,408,attn_head,38,15,L38H15,0.1,0.3,0.19999999999999998,-0.19999999999999998,BBCBBBCBCB
32,408,attn_head,37,15,L37H15,0.1,0.3,0.19999999999999998,-0.19999999999999998,BCBBBCBBBC
32,408,attn_head,37,16,L37H16,0.1,0.3,0.19999999999999998,-0.19999999999999998,CBBBBBBCCB
32,408,attn_head,37,17,L37H17,0.1,0.3,0.19999999999999998,-0.19999999999999998,BCBBCB-BBC
32,408,attn_head,44,38,L44H38,0.1,0.3,0.19999999999999998,-0.19999999999999998,C-BBCBBCBB
32,408,attn_head,36,23,L36H23,0.1,0.3,0.19999999999999998,-0.19999999999999998,BCCCBBBBBB
32,408,attn_head,36,25,L36H25,0.1,0.3,0.19999999999999998,-0.19999999999999998,BBBCBCCABB
32,408,attn_head,36,16,L36H16,0.1,0.3,0.19999999999999998,-0.19999999999999998,BBBCBBCCBB
32,408,attn_head,36,28,L36H28,0.1,0.3,0.19999999999999998,-0.19999999999999998,BCBBCCBBAB
32,408,attn_head,36,33,L36H33,0.1,0.3,0.19999999999999998,-0.19999999999999998,CBBCDBCB-B
32,408,attn_head,36,18,L36H18,0.1,0.3,0.19999999999999998,-0.19999999999999998,CBBB-CCBBB
32,408,attn_head,36,19,L36H19,0.1,0.3,0.19999999999999998,-0.19999999999999998,CBBC-BCBBB
32,408,attn_head,36,21,L36H21,0.1,0.3,0.19999999999999998,-0.19999999999999998,BBCBBCBDC-
32,408,attn_head,35,24,L35H24,0.1,0.3,0.19999999999999998,-0.19999999999999998,BBCCBBAB-C
32,408,attn_head,35,25,L35H25,0.1,0.3,0.19999999999999998,-0.19999999999999998,BCD-BBBCCB
32,408,attn_head,36,37,L36H37,0.1,0.3,0.19999999999999998,-0.19999999999999998,CCCABBDDBB
32,408,attn_head,36,39,L36H39,0.1,0.3,0.19999999999999998,-0.19999999999999998,DBCCBBBBBC
32,408,attn_head,37,0,L37H0,0.1,0.3,0.19999999999999998,-0.19999999999999998,BBCB-BCCBB
32,408,attn_head,37,1,L37H1,0.1,0.3,0.19999999999999998,-0.19999999999999998,BBBCCBBB-C
32,408,attn_head,35,38,L35H38,0.1,0.3,0.19999999999999998,-0.19999999999999998,BCBBBC-BCB
32,408,attn_head,35,27,L35H27,0.1,0.3,0.19999999999999998,-0.19999999999999998,BCBDCBBBBC
32,408,attn_head,37,7,L37H7,0.1,0.3,0.19999999999999998,-0.19999999999999998,BBBBCBCBCB
32,408,attn_head,42,21,L42H21,0.1,0.3,0.19999999999999998,-0.19999999999999998,DBBACBCBBC
32,408,attn_head,42,23,L42H23,0.1,0.3,0.19999999999999998,-0.19999999999999998,CBCBBBBCBB
32,408,attn_head,42,25,L42H25,0.1,0.3,0.19999999999999998,-0.19999999999999998,B-BCBBBCBC
32,408,attn_head,42,12,L42H12,0.1,0.3,0.19999999999999998,-0.19999999999999998,BBBBBBCBCC
32,408,attn_head,39,0,L39H0,0.1,0.3,0.19999999999999998,-0.19999999999999998,CBBBBCBBCB
32,408,attn_head,38,27,L38H27,0.1,0.3,0.19999999999999998,-0.19999999999999998,BCBBBCDBCB
32,408,attn_head,38,31,L38H31,0.1,0.3,0.19999999999999998,-0.19999999999999998,BCBBBCBBBC
32,408,attn_head,38,33,L38H33,0.1,0.3,0.19999999999999998,-0.19999999999999998,BBABCBBCBC
32,408,attn_head,39,14,L39H14,0.1,0.3,0.19999999999999998,-0.19999999999999998,CBBBBBCBBC
32,408,attn_head,39,15,L39H15,0.1,0.3,0.19999999999999998,-0.19999999999999998,BBBBBBBCCC
32,408,attn_head,39,6,L39H6,0.1,0.3,0.19999999999999998,-0.19999999999999998,CABCBBBBBC
32,408,attn_head,36,2,L36H2,0.1,0.3,0.19999999999999998,-0.19999999999999998,BCBBCCBBB-
32,408,attn_head,36,3,L36H3,0.1,0.3,0.19999999999999998,-0.19999999999999998,CBCBCB-BBB
32,408,attn_head,36,5,L36H5,0.1,0.3,0.19999999999999998,-0.19999999999999998,BCBCCBBBBB
32,408,attn_head,44,19,L44H19,0.1,0.3,0.19999999999999998,-0.19999999999999998,CCBBCBBBBB
32,408,attn_head,44,22,L44H22,0.1,0.3,0.19999999999999998,-0.19999999999999998,CCBBBBBBCB
32,408,attn_head,44,25,L44H25,0.1,0.3,0.19999999999999998,-0.19999999999999998,DBBBCBCBCB
32,408,attn_head,44,10,L44H10,0.1,0.3,0.19999999999999998,-0.19999999999999998,-BCBBCCB-B
32,408,attn_head,44,15,L44H15,0.1,0.3,0.19999999999999998,-0.19999999999999998,CBBBBBCCBB
32,408,attn_head,44,39,L44H39,0.1,0.3,0.19999999999999998,-0.19999999999999998,-CCCBBBBBD
32,408,attn_head,44,27,L44H27,0.1,0.3,0.19999999999999998,-0.19999999999999998,-AC-BCCBBB
32,408,attn_head,44,28,L44H28,0.1,0.3,0.19999999999999998,-0.19999999999999998,BBCBCCDBBB
32,408,attn_head,44,33,L44H33,0.1,0.3,0.19999999999999998,-0.19999999999999998,BBACDBCBCB
32,408,attn_head,44,18,L44H18,0.1,0.3,0.19999999999999998,-0.19999999999999998,BBBB-BCCCB
32,408,attn_head,45,2,L45H2,0.1,0.3,0.19999999999999998,-0.19999999999999998,BDCCBBCBBB
32,408,attn_head,44,36,L44H36,0.1,0.3,0.19999999999999998,-0.19999999999999998,CBCBB-CBBB
32,408,attn_head,45,24,L45H24,0.1,0.3,0.19999999999999998,-0.19999999999999998,BCBBBBBCCA
32,408,attn_head,45,12,L45H12,0.1,0.3,0.19999999999999998,-0.19999999999999998,BCBBCABCBB
32,408,attn_head,45,17,L45H17,0.1,0.3,0.19999999999999998,-0.19999999999999998,CDBCBBBBCB
32,408,attn_head,34,38,L34H38,0.1,0.3,0.19999999999999998,-0.19999999999999998,DCBBCBBBDC
32,408,attn_head,35,1,L35H1,0.1,0.3,0.19999999999999998,-0.19999999999999998,CBBC-CBBBB
32,408,attn_head,35,11,L35H11,0.1,0.3,0.19999999999999998,-0.19999999999999998,CBCBBBBCBB
32,408,attn_head,35,13,L35H13,0.1,0.3,0.19999999999999998,-0.19999999999999998,CBBBBBCCBB
32,408,attn_head,34,34,L34H34,0.1,0.3,0.19999999999999998,-0.19999999999999998,CBCBBCBBBB
32,408,attn_head,34,4,L34H4,0.1,0.3,0.19999999999999998,-0.19999999999999998,CCBBBCBBBB
32,408,attn_head,34,5,L34H5,0.1,0.3,0.19999999999999998,-0.19999999999999998,CBCBAB-BBC
32,408,attn_head,39,24,L39H24,0.1,0.3,0.19999999999999998,-0.19999999999999998,BBCBCBDBC-
32,408,attn_head,41,28,L41H28,0.1,0.3,0.19999999999999998,-0.19999999999999998,CBBCBBBCBB
32,408,attn_head,41,29,L41H29,0.1,0.3,0.19999999999999998,-0.19999999999999998,BBBBBCCBCB
32,408,attn_head,41,32,L41H32,0.1,0.3,0.19999999999999998,-0.19999999999999998,BBCBBBBCBC
32,408,attn_head,39,28,L39H28,0.1,0.3,0.19999999999999998,-0.19999999999999998,BCDBCBBBBC
32,408,attn_head,39,29,L39H29,0.1,0.3,0.19999999999999998,-0.19999999999999998,CBBBBBCDDC
32,408,attn_head,39,32,L39H32,0.1,0.3,0.19999999999999998,-0.19999999999999998,BCBBB--CBC
32,408,attn_head,39,33,L39H33,0.1,0.3,0.19999999999999998,-0.19999999999999998,BCDBBC-CBA
32,408,attn_head,39,19,L39H19,0.1,0.3,0.19999999999999998,-0.19999999999999998,BBBBBCCCBB
32,408,attn_head,39,21,L39H21,0.1,0.3,0.19999999999999998,-0.19999999999999998,-CB-BCBBBC
32,408,attn_head,40,3,L40H3,0.1,0.3,0.19999999999999998,-0.19999999999999998,BBCBBC-CBB
32,408,attn_head,39,36,L39H36,0.1,0.3,0.19999999999999998,-0.19999999999999998,BBCCBCDBBB
32,408,attn_head,39,37,L39H37,0.1,0.3,0.19999999999999998,-0.19999999999999998,CBBCDDBBCB
32,408,attn_head,42,3,L42H3,0.1,0.3,0.19999999999999998,-0.19999999999999998,BBCCCBBB-B
32,408,attn_head,42,6,L42H6,0.1,0.3,0.19999999999999998,-0.19999999999999998,BCBBCCB-BB
32,408,attn_head,41,2,L41H2,0.1,0.3,0.19999999999999998,-0.19999999999999998,BBBBBCBCDC
32,408,attn_head,34,23,L34H23,0.1,0.3,0.19999999999999998,-0.19999999999999998,BBBCBBCCBA
32,408,attn_head,34,10,L34H10,0.1,0.3,0.19999999999999998,-0.19999999999999998,BCB-BBBCCB
32,408,attn_head,34,12,L34H12,0.1,0.3,0.19999999999999998,-0.19999999999999998,-BCBABBBCC
32,408,attn_head,45,34,L45H34,0.1,0.3,0.19999999999999998,-0.19999999999999998,B-CBBCBCBB
32,408,attn_head,45,38,L45H38,0.1,0.3,0.19999999999999998,-0.19999999999999998,CBBCB-BCBA
32,408,attn_head,46,1,L46H1,0.1,0.3,0.19999999999999998,-0.19999999999999998,BBBCBDBC-C
32,408,attn_head,46,21,L46H21,0.1,0.3,0.19999999999999998,-0.19999999999999998,CBBBBBBCBC
32,408,attn_head,46,23,L46H23,0.1,0.3,0.19999999999999998,-0.19999999999999998,BCBBBBCCBB
32,408,attn_head,46,16,L46H16,0.1,0.3,0.19999999999999998,-0.19999999999999998,BCBBBCBBBC
32,408,attn_head,46,17,L46H17,0.1,0.3,0.19999999999999998,-0.19999999999999998,BBBBCBCBCB
32,408,attn_head,46,4,L46H4,0.1,0.3,0.19999999999999998,-0.19999999999999998,BCCCB-BBBB
32,408,attn_head,46,5,L46H5,0.1,0.3,0.19999999999999998,-0.19999999999999998,BBCACCBBBB
32,408,attn_head,33,12,L33H12,0.1,0.3,0.19999999999999998,-0.19999999999999998,BCCABBCB-B
32,408,attn_head,33,15,L33H15,0.1,0.3,0.19999999999999998,-0.19999999999999998,CBBCBBBBCB
32,408,attn_head,33,3,L33H3,0.1,0.3,0.19999999999999998,-0.19999999999999998,-BCC-BCBBB
32,408,attn_head,33,7,L33H7,0.1,0.3,0.19999999999999998,-0.19999999999999998,BBBBBBACCC
32,408,attn_head,41,36,L41H36,0.1,0.3,0.19999999999999998,-0.19999999999999998,CBBBBB-CBC
32,408,attn_head,32,33,L32H33,0.1,0.3,0.19999999999999998,-0.19999999999999998,BCBBBB-CCB
32,408,attn_head,32,21,L32H21,0.1,0.3,0.19999999999999998,-0.19999999999999998,BBCBBBCBBC
32,408,attn_head,32,24,L32H24,0.1,0.3,0.19999999999999998,-0.19999999999999998,BBC-CBBCBB
32,408,attn_head,32,25,L32H25,0.1,0.3,0.19999999999999998,-0.19999999999999998,CBBABCBBCB
32,408,attn_head,32,13,L32H13,0.1,0.3,0.19999999999999998,-0.19999999999999998,ACCBBBCBBB
32,408,attn_head,32,15,L32H15,0.1,0.3,0.19999999999999998,-0.19999999999999998,BCBBD-BC-C
32,408,attn_head,32,1,L32H1,0.1,0.3,0.19999999999999998,-0.19999999999999998,BBBCBACBCB
32,408,attn_head,32,35,L32H35,0.1,0.3,0.19999999999999998,-0.19999999999999998,BBBCBCCBBB
32,408,attn_head,32,39,L32H39,0.1,0.3,0.19999999999999998,-0.19999999999999998,DCBCBBC-BB
32,408,attn_head,47,32,L47H32,0.1,0.3,0.19999999999999998,-0.19999999999999998,BBCBBACBCB
32,408,attn_head,47,33,L47H33,0.1,0.3,0.19999999999999998,-0.19999999999999998,CDCBCBBBBB
32,408,attn_head,47,24,L47H24,0.1,0.3,0.19999999999999998,-0.19999999999999998,CCBBBBCBBA
32,408,mlp,35,-1,L35_MLP,0.1,0.3,0.19999999999999998,-0.19999999999999998,BBCCBBBBBC
32,408,attn_head,47,34,L47H34,0.1,0.3,0.19999999999999998,-0.19999999999999998,CBBBCBCBBB
32,408,attn_head,32,17,L32H17,0.1,0.3,0.19999999999999998,-0.19999999999999998,BBBCBBBCCB
32,408,attn_head,47,12,L47H12,0.1,0.3,0.19999999999999998,-0.19999999999999998,BBCCCBBBBB
32,408,mlp,47,-1,L47_MLP,0.1,0.4,0.30000000000000004,-0.30000000000000004,-CCCB-B--C
32,408,attn_head,32,2,L32H2,0.1,0.4,0.30000000000000004,-0.30000000000000004,BC-BCBBCBC
32,408,mlp,44,-1,L44_MLP,0.1,0.4,0.30000000000000004,-0.30000000000000004,CCBBBC-BCB
32,408,attn_head,32,12,L32H12,0.1,0.4,0.30000000000000004,-0.30000000000000004,-BCCCBBBBC
32,408,attn_head,46,11,L46H11,0.1,0.4,0.30000000000000004,-0.30000000000000004,BCCCBCBBBB
32,408,attn_head,46,12,L46H12,0.1,0.4,0.30000000000000004,-0.30000000000000004,CCBCBBCBBB
32,408,attn_head,46,13,L46H13,0.1,0.4,0.30000000000000004,-0.30000000000000004,BCBCBBBCBC
32,408,attn_head,34,21,L34H21,0.1,0.4,0.30000000000000004,-0.30000000000000004,CBBCBBCCBD
32,408,attn_head,34,22,L34H22,0.1,0.4,0.30000000000000004,-0.30000000000000004,-CCCBBBBCB
32,408,attn_head,45,37,L45H37,0.1,0.4,0.30000000000000004,-0.30000000000000004,CCBCBCBBB-
32,408,attn_head,46,3,L46H3,0.1,0.4,0.30000000000000004,-0.30000000000000004,ABDBCCCBCB
32,408,attn_head,46,6,L46H6,0.1,0.4,0.30000000000000004,-0.30000000000000004,BCCCBBBCBB
32,408,attn_head,33,39,L33H39,0.1,0.4,0.30000000000000004,-0.30000000000000004,CBBCBCBCBB
32,408,attn_head,34,1,L34H1,0.1,0.4,0.30000000000000004,-0.30000000000000004,CC-BBCBCB-
32,408,attn_head,34,9,L34H9,0.1,0.4,0.30000000000000004,-0.30000000000000004,BCBBBCCBBC
32,408,attn_head,34,13,L34H13,0.1,0.4,0.30000000000000004,-0.30000000000000004,ABCBCCBBBC
32,408,attn_head,35,10,L35H10,0.1,0.4,0.30000000000000004,-0.30000000000000004,CBCCBBBCBB
32,408,attn_head,33,34,L33H34,0.1,0.4,0.30000000000000004,-0.30000000000000004,BCBCBCBBCB
32,408,attn_head,33,35,L33H35,0.1,0.4,0.30000000000000004,-0.30000000000000004,CBCDBCBBCB
32,408,attn_head,33,37,L33H37,0.1,0.4,0.30000000000000004,-0.30000000000000004,CCBCBCBBBB
32,408,attn_head,39,26,L39H26,0.1,0.4,0.30000000000000004,-0.30000000000000004,CCBBD-CBBC
32,408,attn_head,39,27,L39H27,0.1,0.4,0.30000000000000004,-0.30000000000000004,CCCBBBBBCB
32,408,attn_head,39,34,L39H34,0.1,0.4,0.30000000000000004,-0.30000000000000004,BCBCCCBD-A
32,408,attn_head,39,35,L39H35,0.1,0.4,0.30000000000000004,-0.30000000000000004,B-ABCBCCCB
32,408,attn_head,39,38,L39H38,0.1,0.4,0.30000000000000004,-0.30000000000000004,B-CBBCCBCB
32,408,attn_head,39,39,L39H39,0.1,0.4,0.30000000000000004,-0.30000000000000004,BCCBCCBBBB
32,408,attn_head,41,18,L41H18,0.1,0.4,0.30000000000000004,-0.30000000000000004,BCBCBBCB-C
32,408,attn_head,41,20,L41H20,0.1,0.4,0.30000000000000004,-0.30000000000000004,CBCBCBBBBC
32,408,attn_head,41,24,L41H24,0.1,0.4,0.30000000000000004,-0.30000000000000004,CC-BDCBB-C
32,408,attn_head,41,33,L41H33,0.1,0.4,0.30000000000000004,-0.30000000000000004,CCBCBBBACB
32,408,attn_head,39,18,L39H18,0.1,0.4,0.30000000000000004,-0.30000000000000004,BDCC-BBCBC
32,408,attn_head,41,7,L41H7,0.1,0.4,0.30000000000000004,-0.30000000000000004,BCCBBCBCBB
32,408,attn_head,41,15,L41H15,0.1,0.4,0.30000000000000004,-0.30000000000000004,BCBBCB-BCC
32,408,attn_head,41,16,L41H16,0.1,0.4,0.30000000000000004,-0.30000000000000004,--CBCBCBCB
32,408,attn_head,40,20,L40H20,0.1,0.4,0.30000000000000004,-0.30000000000000004,BCBDBCCBBC
32,408,attn_head,40,25,L40H25,0.1,0.4,0.30000000000000004,-0.30000000000000004,BCCDCBBBCB
32,408,attn_head,40,32,L40H32,0.1,0.4,0.30000000000000004,-0.30000000000000004,BBCBBBCCBC
32,408,attn_head,40,35,L40H35,0.1,0.4,0.30000000000000004,-0.30000000000000004,BCBBBCCCBB
32,408,attn_head,40,37,L40H37,0.1,0.4,0.30000000000000004,-0.30000000000000004,BBBCCBCCBB
32,408,attn_head,41,0,L41H0,0.1,0.4,0.30000000000000004,-0.30000000000000004,CDCBDCBBCB
32,408,attn_head,38,36,L38H36,0.1,0.4,0.30000000000000004,-0.30000000000000004,CBBCBCCB-B
32,408,attn_head,38,37,L38H37,0.1,0.4,0.30000000000000004,-0.30000000000000004,BCCBBBCBCB
32,408,attn_head,38,39,L38H39,0.1,0.4,0.30000000000000004,-0.30000000000000004,-BBCCBCCBB
32,408,attn_head,39,4,L39H4,0.1,0.4,0.30000000000000004,-0.30000000000000004,B-CCCDBB-C
32,408,attn_head,42,16,L42H16,0.1,0.4,0.30000000000000004,-0.30000000000000004,B-BCCCBBCD
32,408,attn_head,42,17,L42H17,0.1,0.4,0.30000000000000004,-0.30000000000000004,BCBBCCBBBC
32,408,attn_head,38,28,L38H28,0.1,0.4,0.30000000000000004,-0.30000000000000004,CBABCCBC--
32,408,attn_head,38,32,L38H32,0.1,0.4,0.30000000000000004,-0.30000000000000004,BBBCCBBBCC
32,408,attn_head,38,34,L38H34,0.1,0.4,0.30000000000000004,-0.30000000000000004,BBCBBCCCBB
32,408,attn_head,42,1,L42H1,0.1,0.4,0.30000000000000004,-0.30000000000000004,CB-BCCBBBC
32,408,attn_head,42,2,L42H2,0.1,0.4,0.30000000000000004,-0.30000000000000004,BCBBBCBBCC
32,408,attn_head,42,4,L42H4,0.1,0.4,0.30000000000000004,-0.30000000000000004,CBBBCBBBCC
32,408,attn_head,42,8,L42H8,0.1,0.4,0.30000000000000004,-0.30000000000000004,C-BA-CBBCC
32,408,attn_head,42,9,L42H9,0.1,0.4,0.30000000000000004,-0.30000000000000004,BCBBCCCDBB
32,408,attn_head,42,10,L42H10,0.1,0.4,0.30000000000000004,-0.30000000000000004,CCCCBBD-BB
32,408,attn_head,40,1,L40H1,0.1,0.4,0.30000000000000004,-0.30000000000000004,BBBBBBCCCC
32,408,attn_head,40,7,L40H7,0.1,0.4,0.30000000000000004,-0.30000000000000004,BBCCCDCBBB
32,408,attn_head,34,39,L34H39,0.1,0.4,0.30000000000000004,-0.30000000000000004,-CBBBCC-BC
32,408,attn_head,35,6,L35H6,0.1,0.4,0.30000000000000004,-0.30000000000000004,BBCBBCBCBC
32,408,attn_head,35,9,L35H9,0.1,0.4,0.30000000000000004,-0.30000000000000004,CCD-ABBCCB
32,408,attn_head,45,32,L45H32,0.1,0.4,0.30000000000000004,-0.30000000000000004,BCBBCCCBBD
32,408,attn_head,34,26,L34H26,0.1,0.4,0.30000000000000004,-0.30000000000000004,BCBBBCBCBC
32,408,attn_head,34,27,L34H27,0.1,0.4,0.30000000000000004,-0.30000000000000004,BCCBBBBBCC
32,408,attn_head,34,31,L34H31,0.1,0.4,0.30000000000000004,-0.30000000000000004,-CCBCBC-BA
32,408,attn_head,34,33,L34H33,0.1,0.4,0.30000000000000004,-0.30000000000000004,CBCBBBCBCB
32,408,attn_head,45,16,L45H16,0.1,0.4,0.30000000000000004,-0.30000000000000004,CBBCBC-BBC
32,408,attn_head,45,19,L45H19,0.1,0.4,0.30000000000000004,-0.30000000000000004,BBBCCBCBBC
32,408,attn_head,45,20,L45H20,0.1,0.4,0.30000000000000004,-0.30000000000000004,CCBCDBBBCA
32,408,attn_head,45,25,L45H25,0.1,0.4,0.30000000000000004,-0.30000000000000004,BCD-CCCBBB
32,408,attn_head,45,7,L45H7,0.1,0.4,0.30000000000000004,-0.30000000000000004,CCBCBBBBBC
32,408,attn_head,45,8,L45H8,0.1,0.4,0.30000000000000004,-0.30000000000000004,BBCBCBBCBC
32,408,attn_head,45,9,L45H9,0.1,0.4,0.30000000000000004,-0.30000000000000004,BBCC-CBBCB
32,408,attn_head,45,11,L45H11,0.1,0.4,0.30000000000000004,-0.30000000000000004,CBCBCBBBCB
32,408,attn_head,45,14,L45H14,0.1,0.4,0.30000000000000004,-0.30000000000000004,BBCCBC-BBC
32,408,attn_head,45,15,L45H15,0.1,0.4,0.30000000000000004,-0.30000000000000004,CACBCBBBCB
32,408,attn_head,38,4,L38H4,0.1,0.4,0.30000000000000004,-0.30000000000000004,BCCBBBBBCC
32,408,attn_head,38,7,L38H7,0.1,0.4,0.30000000000000004,-0.30000000000000004,BCCBBBBCCB
32,408,attn_head,38,8,L38H8,0.1,0.4,0.30000000000000004,-0.30000000000000004,BCCBCCBBBB
32,408,attn_head,38,10,L38H10,0.1,0.4,0.30000000000000004,-0.30000000000000004,BBBDCCBCBC
32,408,attn_head,38,11,L38H11,0.1,0.4,0.30000000000000004,-0.30000000000000004,CBBBBBBCCC
32,408,attn_head,43,13,L43H13,0.1,0.4,0.30000000000000004,-0.30000000000000004,CDBBCBBCCB
32,408,attn_head,43,14,L43H14,0.1,0.4,0.30000000000000004,-0.30000000000000004,BBCBDBCCCB
32,408,attn_head,43,17,L43H17,0.1,0.4,0.30000000000000004,-0.30000000000000004,BBCBCC-CBB
32,408,attn_head,37,35,L37H35,0.1,0.4,0.30000000000000004,-0.30000000000000004,BCBCDBCCBB
32,408,attn_head,42,38,L42H38,0.1,0.4,0.30000000000000004,-0.30000000000000004,BCCBBCBACB
32,408,attn_head,43,1,L43H1,0.1,0.4,0.30000000000000004,-0.30000000000000004,BCBBCBBBCC
32,408,attn_head,43,10,L43H10,0.1,0.4,0.30000000000000004,-0.30000000000000004,CBBBBCCCBB
32,408,attn_head,39,17,L39H17,0.1,0.4,0.30000000000000004,-0.30000000000000004,BBBCCBCCBB
32,408,attn_head,42,26,L42H26,0.1,0.4,0.30000000000000004,-0.30000000000000004,CBCCBDCBBB
32,408,attn_head,42,29,L42H29,0.1,0.4,0.30000000000000004,-0.30000000000000004,CCBCBBDBCB
32,408,attn_head,44,29,L44H29,0.1,0.4,0.30000000000000004,-0.30000000000000004,BCBBCCACBB
32,408,attn_head,44,35,L44H35,0.1,0.4,0.30000000000000004,-0.30000000000000004,BCCCBBCBBB
32,408,attn_head,36,8,L36H8,0.1,0.4,0.30000000000000004,-0.30000000000000004,BCBCBCBBBC
32,408,attn_head,36,9,L36H9,0.1,0.4,0.30000000000000004,-0.30000000000000004,BBCCCBCBBB
32,408,attn_head,44,11,L44H11,0.1,0.4,0.30000000000000004,-0.30000000000000004,CBCBCBB-BC
32,408,attn_head,44,12,L44H12,0.1,0.4,0.30000000000000004,-0.30000000000000004,CBDCCBCBBB
32,408,attn_head,35,23,L35H23,0.1,0.4,0.30000000000000004,-0.30000000000000004,CB-CBBCBCB
32,408,attn_head,35,29,L35H29,0.1,0.4,0.30000000000000004,-0.30000000000000004,BBCCCCBBBB
32,408,attn_head,35,31,L35H31,0.1,0.4,0.30000000000000004,-0.30000000000000004,CCBBBCBBCB
32,408,attn_head,35,32,L35H32,0.1,0.4,0.30000000000000004,-0.30000000000000004,CBCBBCBBCB
32,408,attn_head,35,34,L35H34,0.1,0.4,0.30000000000000004,-0.30000000000000004,CCB-CCBBBB
32,408,attn_head,35,39,L35H39,0.1,0.4,0.30000000000000004,-0.30000000000000004,BCBBBBCBCC
32,408,attn_head,36,20,L36H20,0.1,0.4,0.30000000000000004,-0.30000000000000004,CCC-BCBBBB
32,408,attn_head,36,29,L36H29,0.1,0.4,0.30000000000000004,-0.30000000000000004,BCBBCBACBC
32,408,attn_head,36,32,L36H32,0.1,0.4,0.30000000000000004,-0.30000000000000004,CBCBCBCBBA
32,408,attn_head,36,34,L36H34,0.1,0.4,0.30000000000000004,-0.30000000000000004,BCBCBCBBCB
32,408,attn_head,36,38,L36H38,0.1,0.4,0.30000000000000004,-0.30000000000000004,BBCBCBCCBB
32,408,attn_head,43,38,L43H38,0.1,0.4,0.30000000000000004,-0.30000000000000004,BCBBCCB-BC
32,408,attn_head,43,39,L43H39,0.1,0.4,0.30000000000000004,-0.30000000000000004,CBCC-BBCBB
32,408,attn_head,36,10,L36H10,0.1,0.4,0.30000000000000004,-0.30000000000000004,BBCCC-BCBB
32,408,attn_head,36,11,L36H11,0.1,0.4,0.30000000000000004,-0.30000000000000004,BCBDDBBCCC
32,408,attn_head,36,12,L36H12,0.1,0.4,0.30000000000000004,-0.30000000000000004,CBCCBCBBBB
32,408,attn_head,36,13,L36H13,0.1,0.4,0.30000000000000004,-0.30000000000000004,BCBCCBBCBB
32,408,attn_head,36,14,L36H14,0.1,0.4,0.30000000000000004,-0.30000000000000004,BBCBCDCCBB
32,408,attn_head,43,26,L43H26,0.1,0.4,0.30000000000000004,-0.30000000000000004,CBCBBCB-CB
32,408,attn_head,43,27,L43H27,0.1,0.4,0.30000000000000004,-0.30000000000000004,BBCCBCBBBC
32,408,attn_head,43,30,L43H30,0.1,0.4,0.30000000000000004,-0.30000000000000004,CABBCCBBCB
32,408,attn_head,43,31,L43H31,0.1,0.4,0.30000000000000004,-0.30000000000000004,BCBCBBCC-B
32,408,attn_head,43,35,L43H35,0.1,0.4,0.30000000000000004,-0.30000000000000004,B-BCCBCBCB
32,408,attn_head,37,22,L37H22,0.1,0.4,0.30000000000000004,-0.30000000000000004,BCCBCBBBBC
32,408,attn_head,37,26,L37H26,0.1,0.4,0.30000000000000004,-0.30000000000000004,CBCBBBBCBC
32,408,attn_head,37,28,L37H28,0.1,0.4,0.30000000000000004,-0.30000000000000004,BBCCBBCCBB
32,408,attn_head,37,30,L37H30,0.1,0.4,0.30000000000000004,-0.30000000000000004,CBBCBCBBBC
32,408,attn_head,43,19,L43H19,0.1,0.4,0.30000000000000004,-0.30000000000000004,CCBCBBBBBC
32,408,attn_head,43,20,L43H20,0.1,0.4,0.30000000000000004,-0.30000000000000004,BCBCCBBBCB
32,408,attn_head,38,21,L38H21,0.1,0.4,0.30000000000000004,-0.30000000000000004,BCABCACBBC
32,408,attn_head,38,22,L38H22,0.1,0.4,0.30000000000000004,-0.30000000000000004,BACCBBBCCA
32,408,attn_head,37,3,L37H3,0.1,0.4,0.30000000000000004,-0.30000000000000004,BBBCBCCCBB
32,408,attn_head,37,4,L37H4,0.1,0.4,0.30000000000000004,-0.30000000000000004,CBBCBBCCBB
32,408,attn_head,37,9,L37H9,0.1,0.4,0.30000000000000004,-0.30000000000000004,BBBCBCCCBB
32,408,attn_head,47,0,L47H0,0.1,0.4,0.30000000000000004,-0.30000000000000004,BCBCCBBBBC
32,408,attn_head,47,3,L47H3,0.1,0.4,0.30000000000000004,-0.30000000000000004,BCBCBBCCBB
32,408,attn_head,47,5,L47H5,0.1,0.4,0.30000000000000004,-0.30000000000000004,BCBBCBCCBB
32,408,attn_head,47,9,L47H9,0.1,0.4,0.30000000000000004,-0.30000000000000004,CCABBBBBCC
32,408,attn_head,47,10,L47H10,0.1,0.4,0.30000000000000004,-0.30000000000000004,CCBCBBBBCB
32,408,attn_head,33,27,L33H27,0.1,0.4,0.30000000000000004,-0.30000000000000004,CCBDCCBBBB
32,408,attn_head,33,32,L33H32,0.1,0.4,0.30000000000000004,-0.30000000000000004,BBBBCBCCCB
32,408,attn_head,33,33,L33H33,0.1,0.4,0.30000000000000004,-0.30000000000000004,BCCBBCBC-B
32,408,attn_head,46,28,L46H28,0.1,0.4,0.30000000000000004,-0.30000000000000004,BBBCCCBBC-
32,408,attn_head,33,16,L33H16,0.1,0.4,0.30000000000000004,-0.30000000000000004,CBC-BCCB-B
32,408,attn_head,33,21,L33H21,0.1,0.4,0.30000000000000004,-0.30000000000000004,CCDDBBCBC-
32,408,attn_head,33,23,L33H23,0.1,0.4,0.30000000000000004,-0.30000000000000004,C-BBBCDCCB
32,408,attn_head,33,24,L33H24,0.1,0.4,0.30000000000000004,-0.30000000000000004,BCBCBCBCBB
32,408,attn_head,46,25,L46H25,0.1,0.4,0.30000000000000004,-0.30000000000000004,C-BCBCC-BB
32,408,attn_head,33,4,L33H4,0.1,0.4,0.30000000000000004,-0.30000000000000004,BBDBBCCCBC
32,408,attn_head,33,14,L33H14,0.1,0.4,0.30000000000000004,-0.30000000000000004,CCBBBCBBCB
32,408,mlp,34,-1,L34_MLP,0.1,0.4,0.30000000000000004,-0.30000000000000004,CBBBBCCBCB
32,408,mlp,38,-1,L38_MLP,0.1,0.4,0.30000000000000004,-0.30000000000000004,BCBBCBBCCB
32,408,mlp,40,-1,L40_MLP,0.1,0.4,0.30000000000000004,-0.30000000000000004,CCBBACBBCB
32,408,attn_head,32,9,L32H9,0.1,0.4,0.30000000000000004,-0.30000000000000004,CBBCBBCBCB
32,408,attn_head,40,17,L40H17,0.1,0.4,0.30000000000000004,-0.30000000000000004,BCBCBC-CDB
32,408,attn_head,47,26,L47H26,0.1,0.4,0.30000000000000004,-0.30000000000000004,BCBBCBCBBC
32,408,attn_head,47,27,L47H27,0.1,0.4,0.30000000000000004,-0.30000000000000004,DBC-CCBBCB
32,408,attn_head,47,30,L47H30,0.1,0.4,0.30000000000000004,-0.30000000000000004,BB--CBCBCC
32,408,attn_head,32,31,L32H31,0.1,0.4,0.30000000000000004,-0.30000000000000004,BCCBBBBCBC
32,408,attn_head,32,32,L32H32,0.1,0.4,0.30000000000000004,-0.30000000000000004,CBCBBCCBBB
32,408,attn_head,32,36,L32H36,0.1,0.4,0.30000000000000004,-0.30000000000000004,CCDCCBBBBB
32,408,attn_head,32,37,L32H37,0.1,0.4,0.30000000000000004,-0.30000000000000004,-BBBC-BCCC
32,408,attn_head,47,20,L47H20,0.1,0.4,0.30000000000000004,-0.30000000000000004,-BBBBCCCCB
32,408,attn_head,32,18,L32H18,0.1,0.4,0.30000000000000004,-0.30000000000000004,BBBCBACBCC
32,408,attn_head,32,19,L32H19,0.1,0.4,0.30000000000000004,-0.30000000000000004,BCCBCBBDBC
32,408,attn_head,32,20,L32H20,0.1,0.4,0.30000000000000004,-0.30000000000000004,CBCBBBBCBC
32,408,attn_head,32,23,L32H23,0.1,0.4,0.30000000000000004,-0.30000000000000004,BBCBBBCCCB
32,408,attn_head,32,26,L32H26,0.1,0.4,0.30000000000000004,-0.30000000000000004,CCCBB-BBCB
32,408,attn_head,32,27,L32H27,0.1,0.4,0.30000000000000004,-0.30000000000000004,CBBCCC-BBB
32,408,attn_head,32,28,L32H28,0.1,0.4,0.30000000000000004,-0.30000000000000004,CBBCDCCBBB
32,408,attn_head,32,16,L32H16,0.1,0.5,0.4,-0.4,DBCBBCCCCA
32,408,attn_head,33,1,L33H1,0.1,0.5,0.4,-0.4,CBBBCCCCBB
32,408,attn_head,47,29,L47H29,0.1,0.5,0.4,-0.4,CDCCBBCCBB
32,408,attn_head,47,31,L47H31,0.1,0.5,0.4,-0.4,BBCCCCBBBC
32,408,attn_head,46,24,L46H24,0.1,0.5,0.4,-0.4,-CCBBBBCCC
32,408,attn_head,40,12,L40H12,0.1,0.5,0.4,-0.4,BBCCCBCBCB
32,408,attn_head,40,13,L40H13,0.1,0.5,0.4,-0.4,CCCBBBBBCC
32,408,attn_head,32,10,L32H10,0.1,0.5,0.4,-0.4,CBCCCCBBBB
32,408,attn_head,32,11,L32H11,0.1,0.5,0.4,-0.4,BCCCCBAC-B
32,408,mlp,42,-1,L42_MLP,0.1,0.5,0.4,-0.4,CCBCB-CBDC
32,408,attn_head,40,15,L40H15,0.1,0.5,0.4,-0.4,BBC-BCCCBC
32,408,attn_head,33,5,L33H5,0.1,0.5,0.4,-0.4,CCBBCBCB|C
32,408,attn_head,33,18,L33H18,0.1,0.5,0.4,-0.4,BCCCC-BB-C
32,408,attn_head,33,17,L33H17,0.1,0.5,0.4,-0.4,C-BBBBCCCC
32,408,attn_head,33,6,L33H6,0.1,0.5,0.4,-0.4,CBCCCCBBB-
32,408,attn_head,46,29,L46H29,0.1,0.5,0.4,-0.4,BCCBBBCCCB
32,408,attn_head,46,30,L46H30,0.1,0.5,0.4,-0.4,CCBBBCBCCB
32,408,attn_head,38,13,L38H13,0.1,0.5,0.4,-0.4,CBCBBCCBCB
32,408,attn_head,38,23,L38H23,0.1,0.5,0.4,-0.4,BBCBBCBCCC
32,408,attn_head,47,11,L47H11,0.1,0.5,0.4,-0.4,CCBBB-CCCB
32,408,attn_head,47,8,L47H8,0.1,0.5,0.4,-0.4,CBCCACCABB
32,408,attn_head,46,34,L46H34,0.1,0.5,0.4,-0.4,BBCBBBCCCC
32,408,attn_head,46,33,L46H33,0.1,0.5,0.4,-0.4,CBCBBBCCBC
32,408,attn_head,36,35,L36H35,0.1,0.5,0.4,-0.4,CBCCCCABBB
32,408,attn_head,44,6,L44H6,0.1,0.5,0.4,-0.4,CBCBBBBCCC
32,408,attn_head,43,29,L43H29,0.1,0.5,0.4,-0.4,CCBCCBBCDB
32,408,attn_head,43,37,L43H37,0.1,0.5,0.4,-0.4,-BC-CCCBBC
32,408,attn_head,43,21,L43H21,0.1,0.5,0.4,-0.4,CCCCBBBBC-
32,408,attn_head,37,27,L37H27,0.1,0.5,0.4,-0.4,CBBCBBCCCB
32,408,attn_head,43,9,L43H9,0.1,0.5,0.4,-0.4,DCCCBBCBBC
32,408,attn_head,39,13,L39H13,0.1,0.5,0.4,-0.4,DCBBCCCBBC
32,408,attn_head,44,20,L44H20,0.1,0.5,0.4,-0.4,CCCC-CBBBB
32,408,attn_head,44,23,L44H23,0.1,0.5,0.4,-0.4,CBBCBCCCBB
32,408,attn_head,44,30,L44H30,0.1,0.5,0.4,-0.4,CCBBCBBBCC
32,408,attn_head,39,12,L39H12,0.1,0.5,0.4,-0.4,CCCCBBBCAD
32,408,attn_head,36,7,L36H7,0.1,0.5,0.4,-0.4,CBBCCCCBBB
32,408,attn_head,44,13,L44H13,0.1,0.5,0.4,-0.4,CCD-C-CCB-
32,408,attn_head,35,33,L35H33,0.1,0.5,0.4,-0.4,CCBB-CCBCB
32,408,attn_head,35,18,L35H18,0.1,0.5,0.4,-0.4,CCCCCBBBBB
32,408,attn_head,37,34,L37H34,0.1,0.5,0.4,-0.4,CCCCC-BBBB
32,408,attn_head,38,0,L38H0,0.1,0.5,0.4,-0.4,CBDCCBCCBB
32,408,attn_head,45,4,L45H4,0.1,0.5,0.4,-0.4,CCBBCBBCBC
32,408,attn_head,38,12,L38H12,0.1,0.5,0.4,-0.4,CCBBBCCCDB
32,408,attn_head,45,10,L45H10,0.1,0.5,0.4,-0.4,BBBCCCCCBB
32,408,attn_head,43,12,L43H12,0.1,0.5,0.4,-0.4,CBCC-BCCBB
32,408,attn_head,42,32,L42H32,0.1,0.5,0.4,-0.4,BCCBCCCBBB
32,408,attn_head,42,30,L42H30,0.1,0.5,0.4,-0.4,CBBBCCCBCB
32,408,attn_head,43,3,L43H3,0.1,0.5,0.4,-0.4,CBBCCCBBCB
32,408,attn_head,42,37,L42H37,0.1,0.5,0.4,-0.4,BBCBCCCBCB
32,408,attn_head,43,8,L43H8,0.1,0.5,0.4,-0.4,CCBBBBBCCC
32,408,attn_head,43,4,L43H4,0.1,0.5,0.4,-0.4,C-BCBBBCCC
32,408,attn_head,39,3,L39H3,0.1,0.5,0.4,-0.4,CBCCBCC-BB
32,408,attn_head,39,7,L39H7,0.1,0.5,0.4,-0.4,-CCBCBDCCB
32,408,attn_head,39,8,L39H8,0.1,0.5,0.4,-0.4,CBCBCCBBCB
32,408,attn_head,40,19,L40H19,0.1,0.5,0.4,-0.4,CBBCBCC-BC
32,408,attn_head,41,34,L41H34,0.1,0.5,0.4,-0.4,CCCCBBCBBB
32,408,attn_head,41,39,L41H39,0.1,0.5,0.4,-0.4,CBCBCBCCBB
32,408,attn_head,42,7,L42H7,0.1,0.5,0.4,-0.4,BBCCCBBCBC
32,408,attn_head,42,20,L42H20,0.1,0.5,0.4,-0.4,BCBDBCCCCB
32,408,attn_head,38,35,L38H35,0.1,0.5,0.4,-0.4,CBCBCCBBCB
32,408,attn_head,40,9,L40H9,0.1,0.5,0.4,-0.4,CCCCBBBCBB
32,408,attn_head,40,4,L40H4,0.1,0.5,0.4,-0.4,CBBCCCBCBB
32,408,attn_head,40,5,L40H5,0.1,0.5,0.4,-0.4,CCBBCBB-CC
32,408,attn_head,35,3,L35H3,0.1,0.5,0.4,-0.4,BCCBCBBCCB
32,408,attn_head,35,7,L35H7,0.1,0.5,0.4,-0.4,BACCBBCCCB
32,408,attn_head,35,8,L35H8,0.1,0.5,0.4,-0.4,BCBBCCCBCB
32,408,attn_head,40,2,L40H2,0.1,0.5,0.4,-0.4,CCCBDBCBBC
32,408,attn_head,45,29,L45H29,0.1,0.5,0.4,-0.4,BBCBCBCCBC
32,408,attn_head,45,33,L45H33,0.1,0.5,0.4,-0.4,BCBBCBBCCC
32,408,attn_head,45,27,L45H27,0.1,0.5,0.4,-0.4,BCBBCCBCBC
32,408,attn_head,45,18,L45H18,0.1,0.5,0.4,-0.4,BCCBACDBCC
32,408,attn_head,35,17,L35H17,0.1,0.5,0.4,-0.4,BCBCCCBBBC
32,408,attn_head,33,36,L33H36,0.1,0.5,0.4,-0.4,BBCCBCBCBC
32,408,attn_head,34,6,L34H6,0.1,0.5,0.4,-0.4,BBBCCCCBCD
32,408,attn_head,32,14,L32H14,0.1,0.5,0.4,-0.4,CBBC-CBCBC
32,408,attn_head,47,17,L47H17,0.1,0.5,0.4,-0.4,CC-C-BCCBB
32,408,attn_head,46,15,L46H15,0.1,0.5,0.4,-0.4,-BBBCCCBCC
32,408,attn_head,47,15,L47H15,0.1,0.5,0.4,-0.4,CBCCABBBCC
32,408,attn_head,34,25,L34H25,0.1,0.5,0.4,-0.4,BCBBCBCBCC
32,408,attn_head,46,14,L46H14,0.1,0.5,0.4,-0.4,BCCC-CCDBD
32,408,attn_head,46,8,L46H8,0.1,0.5,0.4,-0.4,CBBBCCBBCC
32,408,attn_head,46,7,L46H7,0.1,0.5,0.4,-0.4,CBBBCCBCBC
32,408,attn_head,35,12,L35H12,0.1,0.5,0.4,-0.4,-DCBCBCCBC
32,408,attn_head,41,30,L41H30,0.1,0.5,0.4,-0.4,CBBBCC-CBC
32,408,attn_head,39,23,L39H23,0.1,0.5,0.4,-0.4,BCCBCCBBBC
32,408,attn_head,41,22,L41H22,0.1,0.5,0.4,-0.4,CCBBBCCCBB
32,408,attn_head,41,26,L41H26,0.1,0.5,0.4,-0.4,BBCCBBBCCC
32,408,attn_head,46,18,L46H18,0.1,0.5,0.4,-0.4,BCBCCBBCCB
32,408,attn_head,34,15,L34H15,0.1,0.5,0.4,-0.4,C-BBCCBCBC
32,408,attn_head,34,20,L34H20,0.1,0.5,0.4,-0.4,A-BCCBCC-C
32,408,attn_head,34,24,L34H24,0.1,0.5,0.4,-0.4,BBBBCCCCBC
32,408,attn_head,47,14,L47H14,0.1,0.6,0.5,-0.5,CBCCCCABBC
32,408,attn_head,47,21,L47H21,0.1,0.6,0.5,-0.5,CBBCCC-BCC
32,408,attn_head,47,18,L47H18,0.1,0.6,0.5,-0.5,CCCCBBBCBC
32,408,attn_head,47,39,L47H39,0.1,0.6,0.5,-0.5,CCBCBCBCBC
32,408,attn_head,38,16,L38H16,0.1,0.6,0.5,-0.5,BBCCCCBCCB
32,408,attn_head,33,20,L33H20,0.1,0.6,0.5,-0.5,CBCBCCBCBC
32,408,attn_head,47,38,L47H38,0.1,0.6,0.5,-0.5,BCBBCCCCCB
32,408,attn_head,33,25,L33H25,0.1,0.6,0.5,-0.5,BBBBCCCCCC
32,408,attn_head,37,11,L37H11,0.1,0.6,0.5,-0.5,BCC-B-CCCC
32,408,attn_head,47,6,L47H6,0.1,0.6,0.5,-0.5,BCCCCBCBCB
32,408,attn_head,36,36,L36H36,0.1,0.6,0.5,-0.5,BBBCCCBCCC
32,408,attn_head,36,6,L36H6,0.1,0.6,0.5,-0.5,CBBBCCCBCC
32,408,attn_head,46,2,L46H2,0.1,0.6,0.5,-0.5,BBBCCCCBCC
32,408,attn_head,35,15,L35H15,0.1,0.6,0.5,-0.5,CCBBBCCCBC
32,408,attn_head,41,12,L41H12,0.1,0.6,0.5,-0.5,BACCCBCCBC
32,408,attn_head,38,5,L38H5,0.1,0.6,0.5,-0.5,BCCBCBBCCC
32,408,attn_head,44,32,L44H32,0.1,0.6,0.5,-0.5,CBDCCCCBCA
32,408,attn_head,44,31,L44H31,0.1,0.6,0.5,-0.5,CBCCCCCBBB
32,408,attn_head,37,36,L37H36,0.1,0.6,0.5,-0.5,BCBCCC-CCB
32,408,attn_head,37,37,L37H37,0.1,0.6,0.5,-0.5,BBBCCCCCCB
32,408,attn_head,36,0,L36H0,0.1,0.6,0.5,-0.5,BCCBCBCCCB
32,408,attn_head,44,17,L44H17,0.1,0.6,0.5,-0.5,CCCCB-CBCB
32,408,attn_head,33,9,L33H9,0.1,0.6,0.5,-0.5,BCBCBCCCBC
32,408,attn_head,45,23,L45H23,0.1,0.6,0.5,-0.5,DBCCCBCCBC
32,408,attn_head,45,21,L45H21,0.1,0.6,0.5,-0.5,CBB-CCCCC-
32,408,attn_head,35,4,L35H4,0.1,0.6,0.5,-0.5,BCBCCCBCBC
32,408,attn_head,41,1,L41H1,0.1,0.6,0.5,-0.5,BCBBCCBCCC
32,408,attn_head,41,6,L41H6,0.1,0.6,0.5,-0.5,CBCBBCCCBC
32,408,attn_head,32,6,L32H6,0.1,0.6,0.5,-0.5,BBACCBCCCC
32,408,attn_head,42,15,L42H15,0.1,0.6,0.5,-0.5,BCCBCCBCBC
32,408,attn_head,42,19,L42H19,0.1,0.6,0.5,-0.5,CCCCBCCBBB
32,408,attn_head,39,20,L39H20,0.1,0.6,0.5,-0.5,BBBCCCCBCC
32,408,attn_head,41,14,L41H14,0.1,0.6,0.5,-0.5,CBCCBCC-CB
32,408,attn_head,47,36,L47H36,0.1,0.7,0.6,-0.6,BCCCBCBCCC
32,408,attn_head,33,2,L33H2,0.1,0.7,0.6,-0.6,CDBCCCCBCC
32,408,attn_head,39,16,L39H16,0.1,0.7,0.6,-0.6,BBCCBCCCCC
32,408,attn_head,35,0,L35H0,0.1,0.7,0.6,-0.6,CBCBCACCCC
32,408,attn_head,41,10,L41H10,0.1,0.7,0.6,-0.6,CCCCCBBC-C
32,408,attn_head,38,29,L38H29,0.1,0.7,0.6,-0.6,C-CBCCCCBC
32,408,attn_head,34,29,L34H29,0.1,0.7,0.6,-0.6,BBCCBCCCCC
32,408,attn_head,34,11,L34H11,0.1,0.7,0.6,-0.6,CBCBCBCCCC
32,408,attn_head,40,21,L40H21,0.1,0.7,0.6,-0.6,BC-CCCCCCB
32,408,mlp,45,-1,L45_MLP,0.1,0.7,0.6,-0.6,CCBCCCBBCC
32,408,attn_head,35,30,L35H30,0.1,0.9,0.8,-0.8,CCCCCCCBCC
