layer,sentence,train_mse,test_mse,train_r2,test_r2,n_samples,n_train,n_test
0,0,5.247458894657025e-09,0.06473738089932338,0.9999998957907403,-2.630382319622593,24,19,5
0,1,4.493813765676616e-08,0.07188107751846312,0.999998710193702,-3.3787206090681723,24,19,5
0,2,2.162518391842907e-08,0.01645355862375797,0.9999997409584227,-1.2789229138791338,24,19,5
0,3,9.28326656943893e-09,0.00785240354537964,0.9999999095876796,0.331368907920671,24,19,5
0,4,5.974967355476741e-08,0.18653933770931247,0.9999994688608839,-0.6168608184555331,24,19,5
0,5,6.628476553481239e-09,0.020282949574107877,0.9999999479039501,0.8275744598915766,24,19,5
0,6,6.739643293228496e-09,0.10890486671571878,0.9999999457138333,-3.9690369900238043,23,18,5
0,7,1.1739613097389486e-08,0.06448201375537449,0.9999999033897652,0.239623801895417,23,18,5
0,8,1.4689287631147485e-08,0.03797451773662956,0.9999998961671487,0.6393400632383084,23,18,5
0,9,1.1786292580998412e-08,0.18416214525222777,0.9999998690593168,-8.106118732803985,22,17,5
0,10,1.6474746830084095e-07,0.04908660348892212,0.9999985039282154,-0.7006168060186433,22,17,5
0,11,6.821576286763522e-09,0.2644763606262207,0.9999999040794663,-1.0610688951544636,22,17,5
0,12,3.478106330423355e-09,0.3248204119873047,0.99999995586237,-1.0436154368035582,22,17,5
0,13,3.6784580775663133e-09,0.330002497959137,0.9999999622635362,-5.962078016015549,18,14,4
0,14,1.3796488444010618e-08,0.30705237903594973,0.9999998393058159,-1.6043458781675128,16,12,4
0,15,5.13536160692068e-09,0.1942374085744222,0.99999996080299,-5.370760485312682,14,11,3
0,16,1.2003176910382576e-08,0.03874612773259481,0.9999998910182966,0.5533873596396601,13,10,3
0,17,2.9351976182706037e-09,0.08041660728454589,0.9999999782581931,0.35333321518860517,12,9,3
0,18,1.2208761271435493e-08,0.11824088045756022,0.9999999007266897,-0.08059293675674462,12,9,3
0,19,1.6736984252931226e-08,0.15060615615844727,0.9999998077175644,0.34632744722896147,10,8,2
1,0,5.247458894657025e-09,0.05137659827603234,0.9999998957907403,-1.8811282049504388,24,19,5
1,1,2.96391938862e-09,0.08127518629074096,0.9999999149301219,-3.9509738237537126,24,19,5
1,2,2.162518391842907e-08,0.007029470145669592,0.9999997409584227,0.026373506563842075,24,19,5
1,3,9.28326656943893e-09,0.005750850105285645,0.9999999095876796,0.5103158970294921,24,19,5
1,4,6.254168059950935e-08,0.15744548614299778,0.9999994440415992,-0.3646850080704884,24,19,5
1,5,6.628476553481239e-09,0.01876149047147726,0.9999999479039501,0.8405083976586383,24,19,5
1,6,6.739643293228496e-09,0.09789187385683208,0.9999999457138333,-3.4665436622506256,23,18,5
1,7,1.1739613097389486e-08,0.06406901698642307,0.9999999033897652,0.2444938872838185,23,18,5
1,8,8.53960205908552e-09,0.043400070854109164,0.99999993963688,0.5878113076180649,23,18,5
1,9,1.1786292580998412e-08,0.20179122125625612,0.9999998690593168,-8.977809595344944,22,17,5
1,10,1.6474746830084095e-07,0.0592259519958496,0.9999985039282154,-1.051896895643348,22,17,5
1,11,6.821576286763522e-09,0.2564692004394531,0.9999999040794663,-0.9986689560431199,22,17,5
1,12,3.478106330423355e-09,0.3210800650787354,0.99999995586237,-1.020082954240081,22,17,5
1,13,3.6784580775663133e-09,0.353075532245636,0.9999999622635362,-6.448850891258143,18,14,4
1,14,1.3796488444010618e-08,0.2551254824638367,0.9999998393058159,-1.163914185443908,16,12,4
1,15,5.13536160692068e-09,0.20557783358891804,0.99999996080299,-5.742713200802705,14,11,3
1,16,1.2003176910382576e-08,0.040315456040700276,0.9999998910182966,0.5352982782193871,13,10,3
1,17,2.9351976182706037e-09,0.07353545290629068,0.9999999782581931,0.40866773038186543,12,9,3
1,18,1.2208761271435493e-08,0.11669496167500813,0.9999999007266897,-0.06646492188776731,12,9,3
1,19,1.6736984252931226e-08,0.13673794345855714,0.9999998077175644,0.4065193426277902,10,8,2
2,0,5.247458894657025e-09,0.04665789178742303,0.9999998957907403,-1.616509705255857,24,19,5
2,1,7.136244522897472e-09,0.06189197658538818,0.9999997951768006,-2.7702227452112678,24,19,5
2,2,2.162518391842907e-08,0.004346611678567541,0.9999997409584227,0.397966532436386,24,19,5
2,3,9.28326656943893e-09,0.004313541316986085,0.9999999095876796,0.6327025445345635,24,19,5
2,4,5.974967355476741e-08,0.13390652580535894,0.9999994688608839,-0.1606571437901112,24,19,5
2,5,6.628476553481239e-09,0.01109269154798483,0.9999999479039501,0.9057009275485736,24,19,5
2,6,6.739643293228496e-09,0.07479160692339092,0.9999999457138333,-2.4125404360098166,23,18,5
2,7,1.1739613097389486e-08,0.07942240100436741,0.9999999033897652,0.06344576102812838,23,18,5
2,8,1.4689287631147485e-08,0.04685456839580925,0.9999998961671487,0.5550024942560665,23,18,5
2,9,1.1786292580998412e-08,0.1819821563911438,0.9999998690593168,-7.998326562062095,22,17,5
2,10,1.6474746830084095e-07,0.05486447557449341,0.9999985039282154,-0.900792529604123,22,17,5
2,11,6.821576286763522e-09,0.25214400703430173,0.9999999040794663,-0.9649626483346461,22,17,5
2,12,3.478106330423355e-09,0.3169476779174805,0.99999995586237,-0.9940839409948192,22,17,5
2,13,3.6784580775663133e-09,0.3488230150222778,0.9999999622635362,-6.359135338022739,18,14,4
2,14,1.3796488444010618e-08,0.2750190333366394,0.9999998393058159,-1.3326465931860851,16,12,4
2,15,5.13536160692068e-09,0.18163445307413736,0.99999996080299,-4.957398242227537,14,11,3
2,16,1.2003176910382576e-08,0.040315456040700276,0.9999998910182966,0.5352982782193871,13,10,3
2,17,2.9351976182706037e-09,0.08364612998962405,0.9999999782581931,0.3273631434000924,12,9,3
2,18,1.2208761271435493e-08,0.11363364168802896,0.9999999007266897,-0.03848778959409094,12,9,3
2,19,1.6736984252931226e-08,0.15683281497955323,0.9999998077175644,0.3193020183179113,10,8,2
3,0,5.247458894657025e-09,0.04112596122158898,0.9999998957907403,-1.3062867298961347,24,19,5
3,1,4.678901873137041e-08,0.05591186784744262,0.9999986570700482,-2.4059373688744286,24,19,5
3,2,2.162518391842907e-08,0.007169867217507971,0.9999997409584227,0.006927615776907925,24,19,5
3,3,9.28326656943893e-09,0.004384981060028077,0.9999999095876796,0.626619460147473,24,19,5
3,4,7.505865600233856e-08,0.13159562928951268,0.999999332773121,-0.1406270628545836,24,19,5
3,5,6.628476553481239e-09,0.01403350842725729,0.9999999479039501,0.880701016321864,24,19,5
3,6,6.739643293228496e-09,0.06339700319414286,0.9999999457138333,-1.8926352276861516,23,18,5
3,7,1.1739613097389486e-08,0.08306343083911473,0.9999999033897652,0.0205104948710636,23,18,5
3,8,8.53960205908552e-09,0.05296283979026639,0.99999993963688,0.4969896765521783,23,18,5
3,9,1.1786292580998412e-08,0.195204614276886,0.9999998690593168,-8.652126892646658,22,17,5
3,10,1.6474746830084095e-07,0.06772108110427856,0.9999985039282154,-1.3462126214065466,22,17,5
3,11,6.821576286763522e-09,0.25558362991333006,0.9999999040794663,-0.991767689474206,22,17,5
3,12,3.478106330423355e-09,0.30622530014038085,0.99999995586237,-0.9266238432427831,22,17,5
3,13,3.6784580775663133e-09,0.3193476717948914,0.9999999622635362,-5.737292653900663,18,14,4
3,14,1.3796488444010618e-08,0.27661315240859985,0.9999998393058159,-1.3461675352722637,16,12,4
3,15,5.13536160692068e-09,0.16903429183959962,0.99999996080299,-4.544127647800279,14,11,3
3,16,1.2003176910382576e-08,0.03919132833480835,0.9999998910182966,0.5482556928620963,13,10,3
3,17,2.9351976182706037e-09,0.06784027519226073,0.9999999782581931,0.4544652638220633,12,9,3
3,18,1.2208761271435493e-08,0.11174097963968911,0.9999999007266897,-0.021190918721773144,12,9,3
3,19,1.6736984252931226e-08,0.17569017486572266,0.9999998077175644,0.23745583825641203,10,8,2
4,0,5.247458894657025e-09,0.033395042337311644,0.9999998957907403,-0.8727475467839214,24,19,5
4,1,5.011433049252361e-08,0.037765543689727774,0.9999985616275515,-1.3005326321715263,24,19,5
4,2,2.162518391842907e-08,0.009983664214578284,0.9999997409584227,-0.3828012324473704,24,19,5
4,3,9.28326656943893e-09,0.0031002925872802736,0.9999999095876796,0.7360105085762709,24,19,5
4,4,5.974967355476741e-08,0.1143871833828736,0.9999994688608839,0.008530011865571785,24,19,5
4,5,6.628476553481239e-09,0.012026809818858852,0.9999999479039501,0.8977599795719436,24,19,5
4,6,6.739643293228496e-09,0.05769463350420147,0.9999999457138333,-1.6324513922467787,23,18,5
4,7,1.1739613097389486e-08,0.07547870069079929,0.9999999033897652,0.10995013761709371,23,18,5
4,8,8.53960205908552e-09,0.06611660451499783,0.99999993963688,0.3720628509713547,23,18,5
4,9,1.1786292580998412e-08,0.21063518678665166,0.9999998690593168,-9.415110106143773,22,17,5
4,10,1.6474746830084095e-07,0.05835829385757446,0.9999985039282154,-1.0218366774381393,22,17,5
4,11,6.821576286763522e-09,0.26387830192565914,0.9999999040794663,-1.0564082132610602,22,17,5
4,12,3.478106330423355e-09,0.292636032409668,0.99999995586237,-0.8411266383736917,22,17,5
4,13,3.6784580775663133e-09,0.33310808353424076,0.9999999622635362,-6.027596699034616,18,14,4
4,14,1.3796488444010618e-08,0.2579073480606079,0.9999998393058159,-1.1875093134911614,16,12,4
4,15,5.13536160692068e-09,0.16420576248168944,0.99999996080299,-4.3857575157988515,14,11,3
4,16,1.2003176910382576e-08,0.03852448110580444,0.9999998910182966,0.555942200368545,13,10,3
4,17,2.9351976182706037e-09,0.06464797121683756,0.9999999782581931,0.4801360427523784,12,9,3
4,18,1.2208761271435493e-08,0.1091179556528727,0.9999999007266897,0.002780665235728619,12,9,3
4,19,1.6736984252931226e-08,0.19929993228912354,0.9999998077175644,0.1349829327729013,10,8,2
5,0,5.247458894657025e-09,0.023035911477936637,0.9999998957907403,-0.29182188998267633,24,19,5
5,1,4.678901873137041e-08,0.043384524097442624,0.9999986570700482,-1.6428194503802769,24,19,5
5,2,2.162518391842907e-08,0.006956172168222084,0.9999997409584227,0.03652574439675227,24,19,5
5,3,9.28326656943893e-09,0.004332446956634523,0.9999999095876796,0.6310927318941993,24,19,5
5,4,7.530962292770876e-08,0.13240097875869755,0.999999330542174,-0.14760756368555672,24,19,5
5,5,6.628476553481239e-09,0.008196920521373502,0.9999999479039501,0.9303179035692194,24,19,5
5,6,6.739643293228496e-09,0.047221838017751254,0.9999999457138333,-1.1546058217915305,23,18,5
5,7,1.1739613097389486e-08,0.06871579700046117,0.9999999033897652,0.18969874807016218,23,18,5
5,8,8.53960205908552e-09,0.05944418592063747,0.99999993963688,0.4354336114634175,23,18,5
5,9,1.1786292580998412e-08,0.2173497768592835,0.9999998690593168,-9.747121086792104,22,17,5
5,10,1.6474746830084095e-07,0.07338515457153319,0.9999985039282154,-1.5424457653663106,22,17,5
5,11,6.821576286763522e-09,0.2857609523010254,0.9999999040794663,-1.2269400896276923,22,17,5
5,12,3.478106330423355e-09,0.2898486197662353,0.99999995586237,-0.8235895646657652,22,17,5
5,13,3.6784580775663133e-09,0.31625498943328856,0.9999999622635362,-5.672046190575708,18,14,4
5,14,1.3796488444010618e-08,0.21577840604782106,0.9999998393058159,-0.8301815610502212,16,12,4
5,15,5.13536160692068e-09,0.19643586947123207,0.99999996080299,-5.4428674389252505,14,11,3
5,16,1.2003176910382576e-08,0.039414882310231526,0.9999998910182966,0.5456788668134174,13,10,3
5,17,2.9351976182706037e-09,0.07231739463806151,0.9999999782581931,0.41846269501201416,12,9,3
5,18,1.2208761271435493e-08,0.09911481806437174,0.9999999007266897,0.09419845392024195,12,9,3
5,19,1.6736984252931226e-08,0.12918484287261964,0.9999998077175644,0.43930189725425506,10,8,2
6,0,5.247458894657025e-09,0.014302531637085808,0.9999998957907403,0.19793390990178605,24,19,5
6,1,5.011433049252361e-08,0.03290616868972778,0.9999985616275515,-1.004518073204665,24,19,5
6,2,2.162518391842907e-08,0.013443291366067542,0.9999997409584227,-0.861981680233475,24,19,5
6,3,9.28326656943893e-09,0.003850967788696289,0.9999999095876796,0.672090617447523,24,19,5
6,4,5.9498706629397216e-08,0.09150854916847234,0.9999994710918308,0.2068343893512803,24,19,5
6,5,6.628476553481239e-09,0.007608684785480252,0.9999999479039501,0.9353185009479136,24,19,5
6,6,6.739643293228496e-09,0.054899562379170944,0.9999999457138333,-1.5049197930733555,23,18,5
6,7,1.1739613097389486e-08,0.07962448268466527,0.9999999033897652,0.06106280040356726,23,18,5
6,8,1.4689287631147485e-08,0.0699003008939782,0.9999998961671487,0.3361274980530423,23,18,5
6,9,1.1786292580998412e-08,0.18627692377090455,0.9999998690593168,-8.21068649974805,22,17,5
6,10,1.6474746830084095e-07,0.05872477754592896,0.9999985039282154,-1.0345335901444348,22,17,5
6,11,6.821576286763522e-09,0.2835942958068848,0.9999999040794663,-1.2100552977469206,22,17,5
6,12,3.478106330423355e-09,0.29703380996704104,0.99999995586237,-0.8687953616811022,22,17,5
6,13,3.6784580775663133e-09,0.3204873984336853,0.9999999622635362,-5.761337519698002,18,14,4
6,14,1.3796488444010618e-08,0.2741059044837952,0.9999998393058159,-1.324901649565693,16,12,4
6,15,5.13536160692068e-09,0.19179520441691078,0.99999996080299,-5.290659036997803,14,11,3
6,16,1.2003176910382576e-08,0.0412262022972107,0.9999998910182966,0.5248004345864545,13,10,3
6,17,2.9351976182706037e-09,0.0786674700419108,0.9999999782581931,0.3673988291840624,12,9,3
6,18,1.2208761271435493e-08,0.11230710932413736,0.9999999007266897,-0.02636472777948451,12,9,3
6,19,1.6736984252931226e-08,0.17626953201293946,0.9999998077175644,0.23494126730495024,10,8,2
7,0,5.247458894657025e-09,0.014585696138275994,0.9999998957907403,0.1820544383447842,24,19,5
7,1,4.678901873137041e-08,0.02706791376113891,0.9999986570700482,-0.648873888958267,24,19,5
7,2,2.162518391842907e-08,0.009733149707284582,0.9999997409584227,-0.34810337382690104,24,19,5
7,3,9.28326656943893e-09,0.0045340231895446784,0.9999999095876796,0.6139285431246015,24,19,5
7,4,7.530962292770876e-08,0.10540181930339818,0.999999330542174,0.08641215349888731,24,19,5
7,5,6.628476553481239e-09,0.008385823495502227,0.9999999479039501,0.9287120376559199,24,19,5
7,6,6.739643293228496e-09,0.05632030059938579,0.9999999457138333,-1.5697442677023594,23,18,5
7,7,1.1739613097389486e-08,0.07789119105868869,0.9999999033897652,0.08150189062439228,23,18,5
7,8,1.4689287631147485e-08,0.059995315466121746,0.9999998961671487,0.43019930280411023,23,18,5
7,9,1.1786292580998412e-08,0.1954627834510803,0.9999998690593168,-8.6648923779213,22,17,5
7,10,1.6474746830084095e-07,0.047471660938262945,0.9999985039282154,-0.6446667453666486,22,17,5
7,11,6.821576286763522e-09,0.26772493965148925,0.9999999040794663,-1.0863851282067434,22,17,5
7,12,3.478106330423355e-09,0.30954900772094723,0.99999995586237,-0.9475350294502924,22,17,5
7,13,3.6784580775663133e-09,0.31593419008255,0.9999999622635362,-5.665278271783756,18,14,4
7,14,1.3796488444010618e-08,0.2488593653678894,0.9999998393058159,-1.1107664577429128,16,12,4
7,15,5.13536160692068e-09,0.2147150190035502,0.99999996080299,-6.042402226792827,14,11,3
7,16,1.2003176910382576e-08,0.04180058444341025,0.9999998910182966,0.518179738741429,13,10,3
7,17,2.9351976182706037e-09,0.09790440025329593,0.9999999782581931,0.2127058592926524,12,9,3
7,18,1.2208761271435493e-08,0.11688764521280924,0.9999999007266897,-0.0682258396783948,12,9,3
7,19,1.6736984252931226e-08,0.1971478469848633,0.9999998077175644,0.14432358079486418,10,8,2
8,0,5.247458894657025e-09,0.022479096330536737,0.9999998957907403,-0.26059647062933045,24,19,5
8,1,5.011433049252361e-08,0.027011939277648923,0.9999985616275515,-0.6454641372836818,24,19,5
8,2,2.162518391842907e-08,0.012174894988504065,0.9999997409584227,-0.6863006841152934,24,19,5
8,3,9.28326656943893e-09,0.002037934684753418,0.9999999095876796,0.8264701392410236,24,19,5
8,4,7.530962292770876e-08,0.1153422271755982,0.999999330542174,0.00025201052104095734,24,19,5
8,5,6.628476553481239e-09,0.01214781440031027,0.9999999479039501,0.8967313185167001,24,19,5
8,6,6.739643293228496e-09,0.0638243994915977,0.9999999457138333,-1.9121361744803478,23,18,5
8,7,1.1739613097389486e-08,0.08730166583591038,0.9999999033897652,-0.029467054306650642,23,18,5
8,8,8.53960205908552e-09,0.057071819969099394,0.99999993963688,0.4579649668315464,23,18,5
8,9,1.1786292580998412e-08,0.18858190309524536,0.9999998690593168,-8.324658974250662,22,17,5
8,10,1.6474746830084095e-07,0.05485489496231079,0.9999985039282154,-0.9004606070645367,22,17,5
8,11,6.821576286763522e-09,0.2747740977478027,0.9999999040794663,-1.1413193403039492,22,17,5
8,12,3.478106330423355e-09,0.30614063484191895,0.99999995586237,-0.9260911694805654,22,17,5
8,13,3.6784580775663133e-09,0.2951362150192261,0.9999999622635362,-5.226502426565951,18,14,4
8,14,1.3796488444010618e-08,0.20497536935806276,0.9999998393058159,-0.7385527511286072,16,12,4
8,15,5.13536160692068e-09,0.1905149316151937,0.99999996080299,-5.248667582130988,14,11,3
8,16,1.2003176910382576e-08,0.043078212388356525,0.9999998910182966,0.5034529822038822,13,10,3
8,17,2.9351976182706037e-09,0.08928223075866702,0.9999999782581931,0.28204067474267036,12,9,3
8,18,1.2208761271435493e-08,0.11708048769632974,0.9999999007266897,-0.06998821005987788,12,9,3
8,19,1.6736984252931226e-08,0.18507433013916016,0.9999998077175644,0.19672599765989507,10,8,2
9,0,5.247458894657025e-09,0.02230240956677331,0.9999998957907403,-0.25068812255643547,24,19,5
9,1,4.678901873137041e-08,0.02443004344940185,0.9999986570700482,-0.48818490798013214,24,19,5
9,2,2.162518391842907e-08,0.01172358387705387,0.9999997409584227,-0.6237912138729709,24,19,5
9,3,9.28326656943893e-09,0.0038755802154541025,0.9999999095876796,0.6699948726622869,24,19,5
9,4,5.974967355476741e-08,0.1314863591936875,0.9999994688608839,-0.13967994607622392,24,19,5
9,5,6.628476553481239e-09,0.012634178288097134,0.9999999479039501,0.8925967346518396,24,19,5
9,6,6.739643293228496e-09,0.06112952949648052,0.9999999457138333,-1.7891764841297073,23,18,5
9,7,1.1739613097389486e-08,0.09173181300693088,0.9999999033897652,-0.0817076446164342,23,18,5
9,8,8.53960205908552e-09,0.047426525779646275,0.99999993963688,0.549570374872334,23,18,5
9,9,1.1786292580998412e-08,0.2149560371589661,0.9999998690593168,-9.62875974876217,22,17,5
9,10,1.6474746830084095e-07,0.08179292949676513,0.9999985039282154,-1.8337350851152001,22,17,5
9,11,6.821576286763522e-09,0.26533489639282226,0.9999999040794663,-1.0677594793704985,22,17,5
9,12,3.478106330423355e-09,0.30539832717895504,0.99999995586237,-0.9214209229600054,22,17,5
9,13,3.6784580775663133e-09,0.32927644186019894,0.9999999622635362,-5.946760376797446,18,14,4
9,14,1.3796488444010618e-08,0.2307671145439148,0.9999998393058159,-0.9573122522808721,16,12,4
9,15,5.13536160692068e-09,0.18667815440495814,0.99999996080299,-5.122825764011017,14,11,3
9,16,1.2003176910382576e-08,0.0324748194694519,0.9999998910182966,0.6256744682056005,13,10,3
9,17,2.9351976182706037e-09,0.08760548057556154,0.9999999782581931,0.2955241912258274,12,9,3
9,18,1.2208761271435493e-08,0.11439515698750813,0.9999999007266897,-0.0454472104869752,12,9,3
9,19,1.6736984252931226e-08,0.21437180118560792,0.9999998077175644,0.06956683513191009,10,8,2
10,0,5.247458894657025e-09,0.01847056857479943,0.9999998957907403,-0.03580380694748464,24,19,5
10,1,4.678901873137041e-08,0.02836558650970459,0.9999986570700482,-0.7279231548309324,24,19,5
10,2,2.162518391842907e-08,0.012856562793222082,0.9999997409584227,-0.7807160270419269,24,19,5
10,3,9.28326656943893e-09,0.007483178520202638,0.9999999095876796,0.36280836851135567,24,19,5
10,4,5.882903468057835e-08,0.12387326196147223,0.9999994770448167,-0.0736921561922319,24,19,5
10,5,6.628476553481239e-09,0.012364146478290311,0.9999999479039501,0.8948922775403273,24,19,5
10,6,6.739643293228496e-09,0.059264180680562537,0.9999999457138333,-1.7040656204454523,23,18,5
10,7,1.1739613097389486e-08,0.08360647159152561,0.9999999033897652,0.014106922174024095,23,18,5
10,8,1.4689287631147485e-08,0.05135382262249383,0.9999998961671487,0.5122711880647675,23,18,5
10,9,1.1786292580998412e-08,0.21414484941482542,0.9999998690593168,-9.588649595274202,22,17,5
10,10,1.6474746830084095e-07,0.07249279245376586,0.9999985039282154,-1.5115296720401146,22,17,5
10,11,6.821576286763522e-09,0.2876336291503906,0.9999999040794663,-1.241533893004915,22,17,5
10,12,3.478106330423355e-09,0.3019800494384766,0.99999995586237,-0.8999147463161659,22,17,5
10,13,3.6784580775663133e-09,0.3242772429466248,0.9999999622635362,-5.841292045287443,18,14,4
10,14,1.3796488444010618e-08,0.3086921862602234,0.9999998393058159,-1.6182543363886635,16,12,4
10,15,5.13536160692068e-09,0.1782955343882243,0.99999996080299,-4.847885603112313,14,11,3
10,16,1.2003176910382576e-08,0.03570093119939168,0.9999998910182966,0.5884882418102905,13,10,3
10,17,2.9351976182706037e-09,0.06961395683288574,0.9999999782581931,0.4402022770765085,12,9,3
10,18,1.2208761271435493e-08,0.10179526278177897,0.9999999007266897,0.06970210699024082,12,9,3
10,19,1.6736984252931226e-08,0.2011538751602173,0.9999998077175644,0.12693630572822356,10,8,2
11,0,5.247458894657025e-09,0.017210602678192986,0.9999998957907403,0.034853328865299904,24,19,5
11,1,4.678901873137041e-08,0.03590305124759673,0.9999986570700482,-1.1870767085524325,24,19,5
11,2,2.162518391842907e-08,0.02361529082056583,0.9999997409584227,-2.2708685457988316,24,19,5
11,3,9.28326656943893e-09,0.005955363655090333,0.9999999095876796,0.4929015961265043,24,19,5
11,4,7.530962292770876e-08,0.1263076458720017,0.999999330542174,-0.09479258471496688,24,19,5
11,5,6.628476553481239e-09,0.010332529313678495,0.9999999479039501,0.9121630736650149,24,19,5
11,6,6.739643293228496e-09,0.05168636896257549,0.9999999457138333,-1.3583103951220035,23,18,5
11,7,1.1739613097389486e-08,0.057059733920627166,0.9999999033897652,0.32714781973121365,23,18,5
11,8,1.4689287631147485e-08,0.062369888220028,0.9999998961671487,0.4076469885074685,23,18,5
11,9,1.1786292580998412e-08,0.21122899019241337,0.9999998690593168,-9.444471429609049,22,17,5
11,10,1.6474746830084095e-07,0.07909027847290039,0.9999985039282154,-1.740101111173101,22,17,5
11,11,6.821576286763522e-09,0.30584354621887205,0.9999999040794663,-1.3834440945984423,22,17,5
11,12,3.478106330423355e-09,0.30188653594970705,0.99999995586237,-0.8993264039517508,22,17,5
11,13,3.6784580775663133e-09,0.2852554052352905,0.9999999622635362,-5.018046523951277,18,14,4
11,14,1.3796488444010618e-08,0.3114877370834351,0.9999998393058159,-1.641965539299704,16,12,4
11,15,5.13536160692068e-09,0.16936342391967774,0.99999996080299,-4.554922796199342,14,11,3
11,16,1.2003176910382576e-08,0.02882425273259481,0.9999998910182966,0.6677532343835126,13,10,3
11,17,2.9351976182706037e-09,0.051618186060587566,0.9999999782581931,0.5849145152383057,12,9,3
11,18,1.2208761271435493e-08,0.08443723627726236,0.9999999007266897,0.2283355742329799,12,9,3
11,19,1.6736984252931226e-08,0.16796219425201417,0.9999998077175644,0.2709974207811885,10,8,2
12,0,5.247458894657025e-09,0.01311651746167077,0.9999998957907403,0.2644439360016143,24,19,5
12,1,4.678901873137041e-08,0.02580276941299438,0.9999986570700482,-0.5718061289592093,24,19,5
12,2,2.162518391842907e-08,0.02797745579477847,0.9999997409584227,-2.8750562441062297,24,19,5
12,3,9.28326656943893e-09,0.005040782833099366,0.9999999095876796,0.5707780285167432,24,19,5
12,4,7.718099109826163e-08,0.12458230069590825,0.9999993139068223,-0.07983786766818546,24,19,5
12,5,6.628476553481239e-09,0.010181969888324491,0.9999999479039501,0.9134429807189779,24,19,5
12,6,6.739643293228496e-09,0.06476803543214946,0.9999999457138333,-1.9551917516563195,23,18,5
12,7,1.1739613097389486e-08,0.06320042567782931,0.9999999033897652,0.25473637380790237,23,18,5
12,8,8.53960205908552e-09,0.05741752118675077,0.99999993963688,0.45468169724109897,23,18,5
12,9,1.1786292580998412e-08,0.17956662141799926,0.9999998690593168,-7.8788875305577175,22,17,5
12,10,1.6474746830084095e-07,0.08714979442596435,0.9999985039282154,-2.0193249177509824,22,17,5
12,11,6.821576286763522e-09,0.3028373969268799,0.9999999040794663,-1.360017120689526,22,17,5
12,12,3.478106330423355e-09,0.2989588816833496,0.99999995586237,-0.8809069966991498,22,17,5
12,13,3.6784580775663133e-09,0.2793231122970581,0.9999999622635362,-4.892892664494896,18,14,4
12,14,1.3796488444010618e-08,0.2652221278190613,0.9999998393058159,-1.2495515506281705,16,12,4
12,15,5.13536160692068e-09,0.17308149172465007,0.99999996080299,-4.676871084263304,14,11,3
12,16,1.2003176910382576e-08,0.027126979478200277,0.9999998910182966,0.6873170910555808,13,10,3
12,17,2.9351976182706037e-09,0.05849415245056152,0.9999999782581931,0.5296217190358705,12,9,3
12,18,1.2208761271435493e-08,0.09214180577596028,0.9999999007266897,0.1579241957924019,12,9,3
12,19,1.6736984252931226e-08,0.1907616861343384,0.9999998077175644,0.1720412928197118,10,8,2
13,0,5.247458894657025e-09,0.014991321481598749,0.9999998957907403,0.1593075330123016,24,19,5
13,1,4.678901873137041e-08,0.03427395938873291,0.9999986570700482,-1.087838656721059,24,19,5
13,2,2.162518391842907e-08,0.02007657164331974,0.9999997409584227,-1.7807333474980198,24,19,5
13,3,9.28326656943893e-09,0.003397756481170655,0.9999999095876796,0.7106814985379211,24,19,5
13,4,7.530962292770876e-08,0.11132669313228612,0.999999330542174,0.035057321505489125,24,19,5
13,5,6.628476553481239e-09,0.012321081764812222,0.9999999479039501,0.8952583710640499,24,19,5
13,6,6.739643293228496e-09,0.05297223665361552,0.9999999457138333,-1.416981089221776,23,18,5
13,7,1.1739613097389486e-08,0.056097764545016804,0.9999999033897652,0.33849142663677,23,18,5
13,8,1.4689287631147485e-08,0.049736139211849294,0.9999998961671487,0.5276350065240267,23,18,5
13,9,1.1786292580998412e-08,0.18333222734451296,0.9999998690593168,-8.065082443854479,22,17,5
13,10,1.6474746830084095e-07,0.08724008783340455,0.9999985039282154,-2.0224531538734944,22,17,5
13,11,6.821576286763522e-09,0.29812441665649414,0.9999999040794663,-1.3232887831709337,22,17,5
13,12,3.478106330423355e-09,0.30496002990722654,0.99999995586237,-0.9186633651300244,22,17,5
13,13,3.6784580775663133e-09,0.3029129117012024,0.9999999622635362,-5.390567757409333,18,14,4
13,14,1.3796488444010618e-08,0.28126694002151487,0.9999998393058159,-1.385639864474257,16,12,4
13,15,5.13536160692068e-09,0.1785502321879069,0.99999996080299,-4.856239393918229,14,11,3
13,16,1.2003176910382576e-08,0.03057302440007528,0.9999998910182966,0.6475957740770011,13,10,3
13,17,2.9351976182706037e-09,0.047846785608927404,0.9999999782581931,0.615242074267024,12,9,3
13,18,1.2208761271435493e-08,0.07214162775675456,0.9999999007266897,0.3407040517762072,12,9,3
13,19,1.6736984252931226e-08,0.18835651950836182,0.9999998077175644,0.1824803840782907,10,8,2
14,0,5.247458894657025e-09,0.013938249029053582,0.9999998957907403,0.21836237211595666,24,19,5
14,1,4.678901873137041e-08,0.032951518883705136,0.9999986570700482,-1.0072806337539677,24,19,5
14,2,2.162518391842907e-08,0.011658080279794349,0.9999997409584227,-0.6147185474577745,24,19,5
14,3,9.28326656943893e-09,0.004496576213836671,0.9999999095876796,0.6171171480043707,24,19,5
14,4,6.172603809205666e-08,0.12731563480175023,0.9999994512921768,-0.10352949686422641,24,19,5
14,5,6.628476553481239e-09,0.014680126435870878,0.9999999479039501,0.8752041107080298,24,19,5
14,6,6.739643293228496e-09,0.05935179474001079,0.9999999457138333,-1.7080632150008994,23,18,5
14,7,1.1739613097389486e-08,0.06330923610263399,0.9999999033897652,0.2534532740362201,23,18,5
14,8,8.53960205908552e-09,0.04069793958274685,0.99999993963688,0.6134745826650388,23,18,5
14,9,1.1786292580998412e-08,0.1968413273048401,0.9999998690593168,-8.73305613651306,22,17,5
14,10,1.6474746830084095e-07,0.09441835626602173,0.9999985039282154,-2.2711459349370053,22,17,5
14,11,6.821576286763522e-09,0.2706281951141357,0.9999999040794663,-1.1090102487074174,22,17,5
14,12,3.478106330423355e-09,0.3046201785278321,0.99999995586237,-0.9165251820001517,22,17,5
14,13,3.6784580775663133e-09,0.3288415544509888,0.9999999622635362,-5.937585536940692,18,14,4
14,14,1.3796488444010618e-08,0.26679116764068606,0.9999998393058159,-1.2628597764265148,16,12,4
14,15,5.13536160692068e-09,0.15499573303858438,0.99999996080299,-4.083679290624123,14,11,3
14,16,1.2003176910382576e-08,0.01749882663091024,0.9999998910182966,0.7982973364777253,13,10,3
14,17,2.9351976182706037e-09,0.027844852828979486,0.9999999782581931,0.7760867803245037,12,9,3
14,18,1.2208761271435493e-08,0.057521876780192056,0.9999999007266897,0.47431266143203843,12,9,3
14,19,1.6736984252931226e-08,0.20676720218658448,0.9999998077175644,0.10257290717628265,10,8,2
15,0,5.247458894657025e-09,0.012293350137604608,0.9999998957907403,0.31060601512601194,24,19,5
15,1,4.678901873137041e-08,0.02955952333450317,0.9999986570700482,-0.8006532245676881,24,19,5
15,2,2.162518391842907e-08,0.007844113528695715,0.9999997409584227,-0.0864598029147261,24,19,5
15,3,9.28326656943893e-09,0.006660739803314208,0.9999999095876796,0.4328389132055339,24,19,5
15,4,7.810162997245069e-08,0.10878752000606542,0.9999993057228894,0.05706602803075378,24,19,5
15,5,6.628476553481239e-09,0.01728559125196432,0.9999999479039501,0.853055030442017,24,19,5
15,6,6.739643293228496e-09,0.043957860966970005,0.9999999457138333,-1.0056793028118247,23,18,5
15,7,1.1739613097389486e-08,0.09183812861972386,0.9999999033897652,-0.0829613253988204,23,18,5
15,8,8.53960205908552e-09,0.026803139396589626,0.99999993963688,0.7454393331119418,23,18,5
15,9,1.1786292580998412e-08,0.1817504497718811,0.9999998690593168,-7.986869549638108,22,17,5
15,10,1.511435846697514e-07,0.06611320528030395,0.9999986274650847,-1.2905073891457857,22,17,5
15,11,6.821576286763522e-09,0.28557274085998535,0.9999999040794663,-1.2254733545821805,22,17,5
15,12,3.478106330423355e-09,0.2822369635772705,0.99999995586237,-0.7757006466256706,22,17,5
15,13,3.6784580775663133e-09,0.2938621061325073,0.9999999622635362,-5.19962249224699,18,14,4
15,14,1.3796488444010618e-08,0.2530533842086792,0.9999998393058159,-1.1463391366300186,16,12,4
15,15,5.13536160692068e-09,0.12529927724202475,0.99999996080299,-3.109670171932298,14,11,3
15,16,1.2003176910382576e-08,0.006694736131032309,0.9999998910182966,0.9228321911125886,13,10,3
15,17,2.9351976182706037e-09,0.01245758476257324,0.9999999782581931,0.8998228530529314,12,9,3
15,18,1.2208761271435493e-08,0.03314066836039225,0.9999999007266897,0.6971303663246037,12,9,3
15,19,1.6736984252931226e-08,0.21469163970947266,0.9999998077175644,0.06817864709430266,10,8,2
16,0,5.247458894657025e-09,0.008554236329926385,0.9999998957907403,0.5202903191537274,24,19,5
16,1,4.678901873137041e-08,0.027400496711730955,0.9999986570700482,-0.6691335716210376,24,19,5
16,2,2.162518391842907e-08,0.00682029265162052,0.9999997409584227,0.05534592494195034,24,19,5
16,3,9.28326656943893e-09,0.005197114849090577,0.9999999095876796,0.5574663786537315,24,19,5
16,4,7.530962292770876e-08,0.1188999081400681,0.999999330542174,-0.03058478254713415,24,19,5
16,5,6.628476553481239e-09,0.02095477116834616,0.9999999479039501,0.821863298365498,24,19,5
16,6,6.739643293228496e-09,0.04123792078142314,0.9999999457138333,-0.8815757269090605,23,18,5
16,7,1.1739613097389486e-08,0.06865141444736056,0.9999999033897652,0.1904579514216057,23,18,5
16,8,8.53960205908552e-09,0.026108597465437283,0.99999993963688,0.7520356894028901,23,18,5
16,9,1.1786292580998412e-08,0.2044199691963196,0.9999998690593168,-9.107791198393969,22,17,5
16,10,1.6474746830084095e-07,0.09139065202713012,0.9999985039282154,-2.166250416682723,22,17,5
16,11,6.821576286763522e-09,0.2530848582458496,0.9999999040794663,-0.9722947182500752,22,17,5
16,12,3.478106330423355e-09,0.2636950762939453,0.99999995586237,-0.6590439166872946,22,17,5
16,13,3.6784580775663133e-09,0.276530715751648,0.9999999622635362,-4.833981344971477,18,14,4
16,14,1.3796488444010618e-08,0.257061159992218,0.9999998393058159,-1.1803321458203397,16,12,4
16,15,5.13536160692068e-09,0.1329752524058024,0.99999996080299,-3.3614332057296705,14,11,3
16,16,1.2003176910382576e-08,0.004663486131032308,0.9999998910182966,0.9462456772806215,13,10,3
16,17,2.9351976182706037e-09,0.030246602121988927,0.9999999782581931,0.7567732138153141,12,9,3
16,18,1.2208761271435493e-08,0.029645595041910805,0.9999999007266897,0.7290715319078014,12,9,3
16,19,1.6736984252931226e-08,0.19899177627563477,0.9999998077175644,0.13632041547033513,10,8,2
17,0,5.247458894657025e-09,0.006551082528962029,0.9999998957907403,0.6326243994251428,24,19,5
17,1,4.678901873137041e-08,0.03217548929691314,0.9999986570700482,-0.9600078762739486,24,19,5
17,2,2.162518391842907e-08,0.009188199698892249,0.9999997409584227,-0.2726243185390873,24,19,5
17,3,9.28326656943893e-09,0.00324535551071167,0.9999999095876796,0.7236584204094286,24,19,5
17,4,5.9498706629397216e-08,0.12291252048290258,0.9999994710918308,-0.06536476920544532,24,19,5
17,5,6.628476553481239e-09,0.027931563623065703,0.9999999479039501,0.7625535218049406,24,19,5
17,6,6.739643293228496e-09,0.04899503709917216,0.9999999457138333,-1.235512140232348,23,18,5
17,7,1.1739613097389486e-08,0.09240719752841525,0.9999999033897652,-0.089671823847145,23,18,5
17,8,8.53960205908552e-09,0.027645687766950956,0.99999993963688,0.7374372975342767,23,18,5
17,9,1.1786292580998412e-08,0.19428365480422974,0.9999998690593168,-8.60658894403826,22,17,5
17,10,1.6474746830084095e-07,0.09112254699707031,0.9999985039282154,-2.15696185549717,22,17,5
17,11,6.821576286763522e-09,0.26823172409057616,0.9999999040794663,-1.090334508187159,22,17,5
17,12,3.478106330423355e-09,0.2634623072814941,0.99999995586237,-0.6575794448453176,22,17,5
17,13,3.6784580775663133e-09,0.28709727458953854,0.9999999622635362,-5.056904527205455,18,14,4
17,14,1.3796488444010618e-08,0.33398129978179936,0.9999998393058159,-1.8327506342815894,16,12,4
17,15,5.13536160692068e-09,0.13200358543395996,0.99999996080299,-3.329563662192564,14,11,3
17,16,1.2003176910382576e-08,0.0019400084495544434,0.9999998910182966,0.9776382222771645,13,10,3
17,17,2.9351976182706037e-09,0.02608596267700195,0.9999999782581931,0.7902308219326147,12,9,3
17,18,1.2208761271435493e-08,0.026345230229695635,0.9999999007266897,0.7592332736928709,12,9,3
17,19,1.6736984252931226e-08,0.21661567764282227,0.9999998077175644,0.059827788008583904,10,8,2
18,0,5.247458894657025e-09,0.007618359960450067,0.9999998957907403,0.5727729648508584,24,19,5
18,1,4.678901873137041e-08,0.029801983227729794,0.9999986570700482,-0.8154229549055674,24,19,5
18,2,2.162518391842907e-08,0.01121803206202091,0.9999997409584227,-0.5537690598953984,24,19,5
18,3,9.28326656943893e-09,0.003967767620086669,0.9999999095876796,0.6621451277174157,24,19,5
18,4,6.172603809205666e-08,0.11746712215221408,0.9999994512921768,-0.01816587105403511,24,19,5
18,5,6.628476553481239e-09,0.026027221806163542,0.9999999479039501,0.7787423490329871,24,19,5
18,6,6.739643293228496e-09,0.042274009724904575,0.9999999457138333,-0.9288496866536975,23,18,5
18,7,1.1739613097389486e-08,0.08087062984042698,0.9999999033897652,0.04636815019968843,23,18,5
18,8,8.53960205908552e-09,0.027116312690657014,0.99999993963688,0.7424649948670916,23,18,5
18,9,1.1786292580998412e-08,0.1758386703681946,0.9999998690593168,-7.694554507921016,22,17,5
18,10,1.511435846697514e-07,0.07141243776321411,0.9999986274650847,-1.4741005322621294,22,17,5
18,11,6.821576286763522e-09,0.27570832855224603,0.9999999040794663,-1.1485998172712448,22,17,5
18,12,3.478106330423355e-09,0.26066666061401367,0.99999995586237,-0.639990566576994,22,17,5
18,13,3.6784580775663133e-09,0.27746193580627443,0.9999999622635362,-4.853627337685115,18,14,4
18,14,1.3796488444010618e-08,0.31108153858184817,0.9999998393058159,-1.6385202593880255,16,12,4
18,15,5.13536160692068e-09,0.12126573397318523,0.99999996080299,-2.977374656554909,14,11,3
18,16,1.2003176910382576e-08,0.0049765964825948085,0.9999998910182966,0.9426365671832053,13,10,3
18,17,2.9351976182706037e-09,0.027097273890177406,0.9999999782581931,0.7820984051004318,12,9,3
18,18,1.2208761271435493e-08,0.022219600168863932,0.9999999007266897,0.7969370415111947,12,9,3
18,19,1.6736984252931226e-08,0.2073956735610962,0.9999998077175644,0.09984516683551992,10,8,2
19,0,5.247458894657025e-09,0.006288693465126885,0.9999998957907403,0.6473388133383474,24,19,5
19,1,5.011433049252361e-08,0.034165019264221184,0.9999985616275515,-1.0812024405592826,24,19,5
19,2,2.162518391842907e-08,0.00779227226969303,0.9999997409584227,-0.07927945757259636,24,19,5
19,3,9.28326656943893e-09,0.004063140773773194,0.9999999095876796,0.6540241166746259,24,19,5
19,4,6.254168059950935e-08,0.09675808961666113,0.9999994440415992,0.1613331220593347,24,19,5
19,5,6.628476553481239e-09,0.028565580494518034,0.9999999479039501,0.7571637385735326,24,19,5
19,6,6.739643293228496e-09,0.03931028749590067,0.9999999457138333,-0.7936229899210472,23,18,5
19,7,1.1739613097389486e-08,0.07376725345187717,0.9999999033897652,0.13013163737181765,23,18,5
19,8,8.53960205908552e-09,0.016505779930036896,0.99999993963688,0.8432376788283115,23,18,5
19,9,1.1786292580998412e-08,0.19831574213027953,0.9999998690593168,-8.8059603505874,22,17,5
19,10,1.6474746830084095e-07,0.08656026824951171,0.9999985039282154,-1.9989006461166752,22,17,5
19,11,6.821576286763522e-09,0.25917006523132324,0.9999999040794663,-1.0197168425134295,22,17,5
19,12,3.478106330423355e-09,0.25801813537597657,0.99999995586237,-0.6233273063215761,22,17,5
19,13,3.6784580775663133e-09,0.3070264952659607,0.9999999622635362,-5.477352220800859,18,14,4
19,14,1.3796488444010618e-08,0.2856793908119202,0.9999998393058159,-1.423065231653267,16,12,4
19,15,5.13536160692068e-09,0.13018972549438476,0.99999996080299,-3.270071171463057,14,11,3
19,16,1.2003176910382576e-08,0.005177456188201904,0.9999998910182966,0.9403213297978776,13,10,3
19,17,2.9351976182706037e-09,0.018228245798746743,0.9999999782581931,0.8534183236340951,12,9,3
19,18,1.2208761271435493e-08,0.021222514597574866,0.9999999007266897,0.8060493182593687,12,9,3
19,19,1.6736984252931226e-08,0.19318211154937745,0.9999998077175644,0.1615359741780492,10,8,2
20,0,5.247458894657025e-09,0.004166442312134636,0.9999998957907403,0.766351707536269,24,19,5
20,1,4.870264153731721e-08,0.033366902103424065,0.9999986021455926,-1.032584192460043,24,19,5
20,2,2.162518391842907e-08,0.01262595432993473,0.9999997409584227,-0.7487752826025353,24,19,5
20,3,9.28326656943893e-09,0.005686005973815919,0.9999999095876796,0.5158373659897889,24,19,5
20,4,5.752234209210796e-08,0.09238222558773046,0.9999994886605379,0.19926165328577394,24,19,5
20,5,6.628476553481239e-09,0.03021640599500631,0.9999999479039501,0.7431300558733689,24,19,5
20,6,6.739643293228496e-09,0.04607809021120219,0.9999999457138333,-1.102419676861603,23,18,5
20,7,1.1739613097389486e-08,0.058710588031344935,0.9999999033897652,0.3076808381773338,23,18,5
20,8,8.53960205908552e-09,0.008812906928938262,0.99999993963688,0.9163001232110011,23,18,5
20,9,1.1786292580998412e-08,0.19539929162979125,0.9999998690593168,-8.661752948466736,22,17,5
20,10,1.6474746830084095e-07,0.12191919311523439,0.9999985039282154,-3.223918830211834,22,17,5
20,11,6.821576286763522e-09,0.2769445880126953,0.9999999040794663,-1.1582340088271148,22,17,5
20,12,3.478106330423355e-09,0.26176318580627445,0.99999995586237,-0.6468893812051697,22,17,5
20,13,3.6784580775663133e-09,0.3100429671287536,0.9999999622635362,-5.540990867695224,18,14,4
20,14,1.3796488444010618e-08,0.3173168424606323,0.9999998393058159,-1.6914066366465845,16,12,4
20,15,5.13536160692068e-09,0.13852160606384278,0.99999996080299,-3.543347137662482,14,11,3
20,16,1.2003176910382576e-08,0.007068881638844809,0.9999998910182966,0.9185195507817581,13,10,3
20,17,2.9351976182706037e-09,0.02214905204772949,0.9999999782581931,0.8218893241336978,12,9,3
20,18,1.2208761271435493e-08,0.035543447621663414,0.9999999007266897,0.6751715794120932,12,9,3
20,19,1.6736984252931226e-08,0.20208406524658204,0.9999998077175644,0.12289902236726546,10,8,2
21,0,5.247458894657025e-09,0.0032517890108956227,0.9999998957907403,0.8176441930720448,24,19,5
21,1,4.678901873137041e-08,0.03892014204502105,0.9999986570700482,-1.3708663526450446,24,19,5
21,2,2.162518391842907e-08,0.01130717009302677,0.9999997409584227,-0.5661152462738273,24,19,5
21,3,9.28326656943893e-09,0.005765207195281982,0.9999999095876796,0.5090933927723107,24,19,5
21,4,7.530962292770876e-08,0.08917353744781499,0.999999330542174,0.22707349284616118,24,19,5
21,5,6.628476553481239e-09,0.030346351750011196,0.9999999479039501,0.7420253858198519,24,19,5
21,6,6.739643293228496e-09,0.06096166755800393,0.9999999457138333,-1.7815173940755908,23,18,5
21,7,1.1739613097389486e-08,0.053970628314548054,0.9999999033897652,0.36357475864793154,23,18,5
21,8,8.53960205908552e-09,0.01592566604225003,0.99999993963688,0.8487472639541807,23,18,5
21,9,1.1786292580998412e-08,0.17017891466140747,0.9999998690593168,-7.414701080963582,22,17,5
21,10,1.6474746830084095e-07,0.08882460006713867,0.9999985039282154,-2.077348949110957,22,17,5
21,11,6.821576286763522e-09,0.28184454757690425,0.9999999040794663,-1.1964194792464489,22,17,5
21,12,3.478106330423355e-09,0.2511464789581299,0.99999995586237,-0.580094114644969,22,17,5
21,13,3.6784580775663133e-09,0.32607427768707276,0.9999999622635362,-5.87920417061335,18,14,4
21,14,1.3796488444010618e-08,0.331424181842804,0.9999998393058159,-1.8110617628736558,16,12,4
21,15,5.13536160692068e-09,0.1503398370107015,0.99999996080299,-3.9309713305259235,14,11,3
21,16,1.2003176910382576e-08,0.006064459133148194,0.9999998910182966,0.9300971667541832,13,10,3
21,17,2.9351976182706037e-09,0.028222456995646156,0.9999999782581931,0.7730502922079919,12,9,3
21,18,1.2208761271435493e-08,0.025889644114176432,0.9999999007266897,0.7633968348623194,12,9,3
21,19,1.6736984252931226e-08,0.21405220108032227,0.9999998077175644,0.07095398836665678,10,8,2
22,0,5.247458894657025e-09,0.0006730832232369319,0.9999998957907403,0.9622544285955275,24,19,5
22,1,4.678901873137041e-08,0.03761875604629516,0.9999986570700482,-1.2915908897596955,24,19,5
22,2,2.162518391842907e-08,0.010288590609994545,0.9999997409584227,-0.42503548495474486,24,19,5
22,3,9.28326656943893e-09,0.004064689540863038,0.9999999095876796,0.6538922393679293,24,19,5
22,4,7.308229146504931e-08,0.08805731256282812,0.9999993503418281,0.23674855818778218,24,19,5
22,5,6.628476553481239e-09,0.02630543006193136,0.9999999479039501,0.776377298102494,24,19,5
22,6,6.739643293228496e-09,0.05356267311220316,0.9999999457138333,-1.443921121301694,23,18,5
22,7,1.1739613097389486e-08,0.05589001613193086,0.9999999033897652,0.34094120975154407,23,18,5
22,8,8.53960205908552e-09,0.017626717277449005,0.99999993963688,0.8325916662670642,23,18,5
22,9,1.1786292580998412e-08,0.19060883295059203,0.9999998690593168,-8.424882958395573,22,17,5
22,10,1.6474746830084095e-07,0.10349195512771607,0.9999985039282154,-2.5855028799790767,22,17,5
22,11,6.821576286763522e-09,0.2837340586853027,0.9999999040794663,-1.2111444722981828,22,17,5
22,12,3.478106330423355e-09,0.2489067099761963,0.99999995586237,-0.5660025542090066,22,17,5
22,13,3.6784580775663133e-09,0.32474660806655886,0.9999999622635362,-5.851194263007571,18,14,4
22,14,1.3796488444010618e-08,0.28195937671661375,0.9999998393058159,-1.391512949250329,16,12,4
22,15,5.13536160692068e-09,0.12530680809020997,0.99999996080299,-3.109917174970443,14,11,3
22,16,1.2003176910382576e-08,0.00392521505355835,0.9999998910182966,0.9547554617289636,13,10,3
22,17,2.9351976182706037e-09,0.02098987998962402,0.9999999782581931,0.8312107577674981,12,9,3
22,18,1.2208761271435493e-08,0.025348185984293618,0.9999999007266897,0.7683451727674222,12,9,3
22,19,1.6736984252931226e-08,0.22505235748291016,0.9999998077175644,0.023210253980424644,10,8,2
23,0,5.247458894657025e-09,0.001951392210854425,0.9999998957907403,0.8905686377403447,24,19,5
23,1,4.678901873137041e-08,0.04147509848117828,0.9999986570700482,-1.5265045371088135,24,19,5
23,2,2.162518391842907e-08,0.014334973990884436,0.9999997409584227,-0.9854854165418572,24,19,5
23,3,9.28326656943893e-09,0.003095945262908936,0.9999999095876796,0.7363806826542119,24,19,5
23,4,5.964467718803104e-08,0.08982830670787115,0.9999994697942393,0.2213981710898264,24,19,5
23,5,6.628476553481239e-09,0.022042877323741668,0.9999999479039501,0.8126132979721197,24,19,5
23,6,6.739643293228496e-09,0.0526786270344749,0.9999999457138333,-1.4035844697488837,23,18,5
23,7,1.1739613097389486e-08,0.059856441073947476,0.9999999033897652,0.29416886283137056,23,18,5
23,8,8.53960205908552e-09,0.01950780410377347,0.99999993963688,0.8147261949915454,23,18,5
23,9,1.1786292580998412e-08,0.19738192140579225,0.9999998690593168,-8.759786461916153,22,17,5
23,10,1.6474746830084095e-07,0.1321660307312012,0.9999985039282154,-3.5789229050443874,22,17,5
23,11,6.821576286763522e-09,0.29040702087402337,0.9999999040794663,-1.263146983120507,22,17,5
23,12,3.478106330423355e-09,0.2450139926147461,0.99999995586237,-0.5415114292753809,22,17,5
23,13,3.6784580775663133e-09,0.30389195375442507,0.9999999622635362,-5.411222653046943,18,14,4
23,14,1.3796488444010618e-08,0.30418974437713625,0.9999998393058159,-1.5800656859807996,16,12,4
23,15,5.13536160692068e-09,0.1310835662841797,0.99999996080299,-3.299388106988401,14,11,3
23,16,1.2003176910382576e-08,0.00804875020980835,0.9999998910182966,0.9072249591594836,13,10,3
23,17,2.9351976182706037e-09,0.022570591990152992,0.9999999782581931,0.8184995283136375,12,9,3
23,18,1.2208761271435493e-08,0.022472447840372722,0.9999999007266897,0.7946262890299,12,9,3
23,19,1.6736984252931226e-08,0.22570800857543946,0.9999998077175644,0.02036454611354399,10,8,2
24,0,5.247458894657025e-09,0.00047891322506798674,0.9999998957907403,0.9731432121477991,24,19,5
24,1,5.011433049252361e-08,0.03632303880691527,0.9999985616275515,-1.2126607460352874,24,19,5
24,2,2.162518391842907e-08,0.021808126151528967,0.9999997409584227,-2.020564701652058,24,19,5
24,3,9.28326656943893e-09,0.0007561205863952639,0.9999999095876796,0.9356164350821472,24,19,5
24,4,5.752234209210796e-08,0.07916730315959936,0.9999994886605379,0.31380419726258657,24,19,5
24,5,6.628476553481239e-09,0.020696211464519255,0.9999999479039501,0.8240613167759732,24,19,5
24,6,6.739643293228496e-09,0.052426122208882854,0.9999999457138333,-1.3920633517643068,23,18,5
24,7,1.1739613097389486e-08,0.06202941470675997,0.9999999033897652,0.26854501312084944,23,18,5
24,8,8.53960205908552e-09,0.01824908132163846,0.99999993963688,0.8266808136690966,23,18,5
24,9,1.1786292580998412e-08,0.1645521846961975,0.9999998690593168,-7.136480651512931,22,17,5
24,10,1.6474746830084095e-07,0.12157164558410645,0.9999985039282154,-3.2118779650812934,22,17,5
24,11,6.821576286763522e-09,0.28285057098388666,0.9999999040794663,-1.2042594372185689,22,17,5
24,12,3.478106330423355e-09,0.2536473124694824,0.99999995586237,-0.5958281688486666,22,17,5
24,13,3.6784580775663133e-09,0.3056785672187805,0.9999999622635362,-5.448914920227437,18,14,4
24,14,1.3796488444010618e-08,0.3407868937492371,0.9999998393058159,-1.890474077601672,16,12,4
24,15,5.13536160692068e-09,0.12650548531214395,0.99999996080299,-3.149232389975567,14,11,3
24,16,1.2003176910382576e-08,0.01119018201828003,0.9999998910182966,0.8710148076786369,13,10,3
24,17,2.9351976182706037e-09,0.02581348838806152,0.9999999782581931,0.7924219125334581,12,9,3
24,18,1.2208761271435493e-08,0.022303723780314127,0.9999999007266897,0.7961682432749522,12,9,3
24,19,1.6736984252931226e-08,0.21118652896881104,0.9999998077175644,0.0833918013506465,10,8,2
25,0,5.247458894657025e-09,4.007820023430719e-05,0.9999998957907403,0.9977524702496198,24,19,5
25,1,5.011433049252361e-08,0.04225601076126098,0.9999985616275515,-1.574074729608978,24,19,5
25,2,2.162518391842907e-08,0.019250334441629068,0.9999997409584227,-1.666294220115971,24,19,5
25,3,9.28326656943893e-09,0.0018935407638549808,0.9999999095876796,0.8387652619333292,24,19,5
25,4,7.308229146504931e-08,0.07862683875835423,0.9999993503418281,0.3184887625927424,24,19,5
25,5,6.628476553481239e-09,0.028575340516681424,0.9999999479039501,0.757080768535726,24,19,5
25,6,6.739643293228496e-09,0.05816842414980082,0.9999999457138333,-1.654069188719144,23,18,5
25,7,1.1739613097389486e-08,0.06211498408847384,0.9999999033897652,0.26753597327621015,23,18,5
25,8,8.53960205908552e-09,0.01805488271324002,0.99999993963688,0.8285251993782173,23,18,5
25,9,1.1786292580998412e-08,0.16491435968399049,0.9999998690593168,-7.154388829311239,22,17,5
25,10,1.6474746830084095e-07,0.09413155206680299,0.9999985039282154,-2.261209536682476,22,17,5
25,11,6.821576286763522e-09,0.2568892615509033,0.9999999040794663,-1.001942499617389,22,17,5
25,12,3.478106330423355e-09,0.24098443061828614,0.99999995586237,-0.5161593430282752,22,17,5
25,13,3.6784580775663133e-09,0.3212852042198181,0.9999999622635362,-5.7781688653970065,18,14,4
25,14,1.3796488444010618e-08,0.3265323761940002,0.9999998393058159,-1.7695706208142514,16,12,4
25,15,5.13536160692068e-09,0.11968452924092611,0.99999996080299,-2.925512985307343,14,11,3
25,16,1.2003176910382576e-08,0.0069743915875752766,0.9999998910182966,0.9196087035243629,13,10,3
25,17,2.9351976182706037e-09,0.02131789309183756,0.9999999782581931,0.8285730541221068,12,9,3
25,18,1.2208761271435493e-08,0.019690605290730794,0.9999999007266897,0.8200493017703319,12,9,3
25,19,1.6736984252931226e-08,0.20457506256103516,0.9999998077175644,0.11208740207884038,10,8,2
26,0,5.247458894657025e-09,0.00017141715420617007,0.9999998957907403,0.9903871643049957,24,19,5
26,1,4.678901873137041e-08,0.05253045152664184,0.9999986570700482,-2.199954405862685,24,19,5
26,2,2.162518391842907e-08,0.01079066962000431,0.9999997409584227,-0.49457663326516865,24,19,5
26,3,9.28326656943893e-09,0.002298664474487305,0.9999999095876796,0.8042690331669529,24,19,5
26,4,7.530962292770876e-08,0.08286085517681127,0.999999330542174,0.2817897191857772,24,19,5
26,5,6.628476553481239e-09,0.022666190393085234,0.9999999479039501,0.8073145078604783,24,19,5
26,6,6.739643293228496e-09,0.06391969253664165,0.9999999457138333,-1.9164841405538149,23,18,5
26,7,1.1739613097389486e-08,0.04937576299243503,0.9999999033897652,0.41775771635898307,23,18,5
26,8,8.53960205908552e-09,0.009487358756941192,0.99999993963688,0.9098945710635485,23,18,5
26,9,1.1786292580998412e-08,0.15198492395401003,0.9999998690593168,-6.51507733158673,22,17,5
26,10,1.6474746830084095e-07,0.12113993057250978,0.9999985039282154,-3.1969210979943794,22,17,5
26,11,6.821576286763522e-09,0.2700305808258056,0.9999999040794663,-1.1043530301262914,22,17,5
26,12,3.478106330423355e-09,0.24212821609497076,0.99999995586237,-0.5233554968729288,22,17,5
26,13,3.6784580775663133e-09,0.3116269820213318,0.9999999622635362,-5.574408903403625,18,14,4
26,14,1.3796488444010618e-08,0.3223817113876343,0.9999998393058159,-1.7343656606245488,16,12,4
26,15,5.13536160692068e-09,0.1298850170135498,0.99999996080299,-3.2600770886368373,14,11,3
26,16,1.2003176910382576e-08,0.012414826997121176,0.9999998910182966,0.8568987666827733,13,10,3
26,17,2.9351976182706037e-09,0.02608596267700195,0.9999999782581931,0.7902308219326147,12,9,3
26,18,1.2208761271435493e-08,0.019375409571329754,0.9999999007266897,0.8229298475406501,12,9,3
26,19,1.6736984252931226e-08,0.18418419437408448,0.9999998077175644,0.20058943414025832,10,8,2
27,0,5.247458894657025e-09,0.00027706626786126054,0.9999998957907403,0.984462508890009,24,19,5
27,1,5.2027953298470405e-08,0.053620582451820366,0.9999985067030959,-2.266361016801923,24,19,5
27,2,2.162518391842907e-08,0.014481814563241612,0.9999997409584227,-1.0058237732878985,24,19,5
27,3,9.28326656943893e-09,0.0036546634674072273,0.9999999095876796,0.6888059036608287,24,19,5
27,4,7.530962292770876e-08,0.08412493713176732,0.999999330542174,0.2708330780323167,24,19,5
27,5,6.628476553481239e-09,0.019590422279948942,0.9999999479039501,0.8334616407623319,24,19,5
27,6,6.739643293228496e-09,0.06726757576112893,0.9999999457138333,-2.069239073206943,23,18,5
27,7,1.1739613097389486e-08,0.045627234988742396,0.9999999033897652,0.46196060807929307,23,18,5
27,8,8.53960205908552e-09,0.014531725593489041,0.99999993963688,0.8619861015764626,23,18,5
27,9,1.1786292580998412e-08,0.1648022533607483,0.9999998690593168,-7.148845597347128,22,17,5
27,10,1.6474746830084095e-07,0.15002974304199218,0.9999985039282154,-4.197815377009153,22,17,5
27,11,6.821576286763522e-09,0.27329742652893063,0.9999999040794663,-1.1298116157179763,22,17,5
27,12,3.478106330423355e-09,0.24599361068725586,0.99999995586237,-0.5476747199469996,22,17,5
27,13,3.6784580775663133e-09,0.3023077123641968,0.9999999622635362,-5.377799838907106,18,14,4
27,14,1.3796488444010618e-08,0.280022061252594,0.9999998393058159,-1.3750810962900255,16,12,4
27,15,5.13536160692068e-09,0.13422454032897949,0.99999996080299,-3.4024083927143423,14,11,3
27,16,1.2003176910382576e-08,0.012540788300832113,0.9999998910182966,0.8554468561635642,13,10,3
27,17,2.9351976182706037e-09,0.051618186060587566,0.9999999782581931,0.5849145152383057,12,9,3
27,18,1.2208761271435493e-08,0.011102094141642252,0.9999999007266897,0.898538944684423,12,9,3
27,19,1.6736984252931226e-08,0.21086931304931641,0.9999998077175644,0.08476860655678642,10,8,2
28,0,5.247458894657025e-09,0.0011136106623543638,0.9999998957907403,0.9375502622535546,24,19,5
28,1,4.678901873137041e-08,0.06019217943191527,0.9999986570700482,-2.666677596973396,24,19,5
28,2,2.162518391842907e-08,0.007177712142434728,0.9999997409584227,0.0058410435901814495,24,19,5
28,3,9.28326656943893e-09,0.0028414362907409675,0.9999999095876796,0.7580520869600674,24,19,5
28,4,7.530962292770876e-08,0.10230942268646245,0.999999330542174,0.11321601689010063,24,19,5
28,5,6.628476553481239e-09,0.014359464771861782,0.9999999479039501,0.8779300584508283,24,19,5
28,6,6.739643293228496e-09,0.06695286323671487,0.9999999457138333,-2.0548795847635164,23,18,5
28,7,1.1739613097389486e-08,0.04041884284549289,0.9999999033897652,0.5233783149013254,23,18,5
28,8,8.53960205908552e-09,0.020262125678938266,0.99999993963688,0.8075620863257361,23,18,5
28,9,1.1786292580998412e-08,0.13527556001663205,0.9999998690593168,-5.688862738164165,22,17,5
28,10,1.6474746830084095e-07,0.1171935556793213,0.9999985039282154,-3.0601980210407875,22,17,5
28,11,6.821576286763522e-09,0.2567206996154785,0.9999999040794663,-1.000628893512146,22,17,5
28,12,3.478106330423355e-09,0.22801841766357428,0.99999995586237,-0.4345833605771485,22,17,5
28,13,3.6784580775663133e-09,0.25077685289382934,0.9999999622635362,-4.290650904933108,18,14,4
28,14,1.3796488444010618e-08,0.28901199617385864,0.9999998393058159,-1.4513316045280633,16,12,4
28,15,5.13536160692068e-09,0.1300448019663493,0.99999996080299,-3.2653178487505228,14,11,3
28,16,1.2003176910382576e-08,0.012858473110198977,0.9999998910182966,0.8517850179408417,13,10,3
28,17,2.9351976182706037e-09,0.03566685142517089,0.9999999782581931,0.7131865056946586,12,9,3
28,18,1.2208761271435493e-08,0.01953268953959147,0.9999999007266897,0.8214924798372023,12,9,3
28,19,1.6736984252931226e-08,0.20645332412719727,0.9999998077175644,0.10393522514237297,10,8,2
29,0,5.247458894657025e-09,0.0009460629595650571,0.9999998957907403,0.94694610449261,24,19,5
29,1,5.011433049252361e-08,0.04511036991119384,0.9999985616275515,-1.747951383479157,24,19,5
29,2,2.162518391842907e-08,0.008793725669351233,0.9999997409584227,-0.2179871470062864,24,19,5
29,3,9.28326656943893e-09,0.0042089160919189465,0.9999999095876796,0.6416113681949126,24,19,5
29,4,5.974967355476741e-08,0.11050363977230078,0.9999994688608839,0.04219127376242393,24,19,5
29,5,6.628476553481239e-09,0.010891569264049283,0.9999999479039501,0.907410669926462,24,19,5
29,6,6.739643293228496e-09,0.07652669860963968,0.9999999457138333,-2.49170801621134,23,18,5
29,7,1.1739613097389486e-08,0.03432340627246432,0.9999999033897652,0.595256108680692,23,18,5
29,8,8.53960205908552e-09,0.016699475475233427,0.99999993963688,0.8413980709216068,23,18,5
29,9,1.1786292580998412e-08,0.1712057682228088,0.9999998690593168,-7.465475090130974,22,17,5
29,10,1.6474746830084095e-07,0.14449068054199218,0.9999985039282154,-4.005913267114474,22,17,5
29,11,6.821576286763522e-09,0.27009847099304196,0.9999999040794663,-1.104882099384679,22,17,5
29,12,3.478106330423355e-09,0.22980525810241703,0.99999995586237,-0.44582531018734306,22,17,5
29,13,3.6784580775663133e-09,0.2834198039054871,0.9999999622635362,-4.979320757499728,18,14,4
29,14,1.3796488444010618e-08,0.3421919206619263,0.9999998393058159,-1.9023911845795274,16,12,4
29,15,5.13536160692068e-09,0.11208804283142089,0.99999996080299,-2.6763570899518516,14,11,3
29,16,1.2003176910382576e-08,0.010835186290740968,0.9999998910182966,0.8751067153987337,13,10,3
29,17,2.9351976182706037e-09,0.029661122385660803,0.9999999782581931,0.7614813246328205,12,9,3
29,18,1.2208761271435493e-08,0.02171819636027018,0.9999999007266897,0.8015193265206828,12,9,3
29,19,1.6736984252931226e-08,0.19318211154937745,0.9999998077175644,0.1615359741780492,10,8,2
30,0,5.247458894657025e-09,0.004172099985016718,0.9999998957907403,0.7660344331066276,24,19,5
30,1,5.011433049252361e-08,0.05500312792301178,0.9999985616275515,-2.3505804046668968,24,19,5
30,2,2.162518391842907e-08,0.010441945254769934,0.9999997409584227,-0.446276082318515,24,19,5
30,3,9.28326656943893e-09,0.0024446348190307623,0.9999999095876796,0.7918396782160454,24,19,5
30,4,6.229071367413915e-08,0.09928949733055119,0.9999994462725462,0.1393917235404709,24,19,5
30,5,6.628476553481239e-09,0.015499235279674284,0.9999999479039501,0.8682408589243404,24,19,5
30,6,6.739643293228496e-09,0.08111230470781472,0.9999999457138333,-2.700936924070805,23,18,5
30,7,1.1739613097389486e-08,0.03665090137057834,0.9999999033897652,0.5678101315664384,23,18,5
30,8,8.53960205908552e-09,0.022542116828840608,0.99999993963688,0.7859080532279618,23,18,5
30,9,1.1786292580998412e-08,0.1843949524116516,0.9999998690593168,-8.117630162759673,22,17,5
30,10,1.6474746830084095e-07,0.1146561735534668,0.9999985039282154,-2.9722898265474917,22,17,5
30,11,6.821576286763522e-09,0.26906724960327144,0.9999999040794663,-1.0968457730928267,22,17,5
30,12,3.478106330423355e-09,0.2350703299713135,0.99999995586237,-0.47895063652175307,22,17,5
30,13,3.6784580775663133e-09,0.2776969068527222,0.9999999622635362,-4.8585845327578525,18,14,4
30,14,1.3796488444010618e-08,0.3248859266281128,0.9999998393058159,-1.7556058238177505,16,12,4
30,15,5.13536160692068e-09,0.08391160799662271,0.99999996080299,-1.752202886186605,14,11,3
30,16,1.2003176910382576e-08,0.010085658677419026,0.9999998910182966,0.8837462498760614,13,10,3
30,17,2.9351976182706037e-09,0.032543949508666986,0.9999999782581931,0.7382991908702619,12,9,3
30,18,1.2208761271435493e-08,0.02264180768330892,0.9999999007266897,0.7930785244214253,12,9,3
30,19,1.6736984252931226e-08,0.21758091526031495,0.9999998077175644,0.05563838862710524,10,8,2
31,0,5.247458894657025e-09,0.01055260852707757,0.9999998957907403,0.40822438457652477,24,19,5
31,1,5.2027953298470405e-08,0.06287216447830199,0.9999985067030959,-2.82993204668019,24,19,5
31,2,2.162518391842907e-08,0.004785008132424964,0.9999997409584227,0.3372458247217378,24,19,5
31,3,9.28326656943893e-09,0.005017244243621826,0.9999999095876796,0.5727823362038635,24,19,5
31,4,5.462533868062965e-08,0.09412803510142584,0.9999995144131779,0.18412955818002374,24,19,5
31,5,6.628476553481239e-09,0.011467886097545376,0.9999999479039501,0.9025113952462157,24,19,5
31,6,6.739643293228496e-09,0.06644194557314066,0.9999999457138333,-2.0315677820340396,23,18,5
31,7,1.1739613097389486e-08,0.03538106351428561,0.9999999033897652,0.5827841440878241,23,18,5
31,8,8.53960205908552e-09,0.020688973136824003,0.99999993963688,0.8035081368263468,23,18,5
31,9,1.1786292580998412e-08,0.19257052766799926,0.9999998690593168,-8.521881312697749,22,17,5
31,10,1.6474746830084095e-07,0.11187941726684572,0.9999985039282154,-2.876088458524311,22,17,5
31,11,6.821576286763522e-09,0.26564041740417477,0.9999999040794663,-1.0701404099452527,22,17,5
31,12,3.478106330423355e-09,0.23896590644836424,0.99999995586237,-0.5034597496499664,22,17,5
31,13,3.6784580775663133e-09,0.31991876773834227,0.9999999622635362,-5.749341091526208,18,14,4
31,14,1.3796488444010618e-08,0.2912472585678101,0.9999998393058159,-1.4702905730942333,16,12,4
31,15,5.13536160692068e-09,0.07801047477722167,0.99999996080299,-1.558652598378262,14,11,3
31,16,1.2003176910382576e-08,0.006420802720387777,0.9999998910182966,0.9259897227414319,13,10,3
31,17,2.9351976182706037e-09,0.044574833933512366,0.9999999782581931,0.6415533368463087,12,9,3
31,18,1.2208761271435493e-08,0.024635142771402996,0.9999999007266897,0.7748616115529783,12,9,3
31,19,1.6736984252931226e-08,0.19015896396636964,0.9999998077175644,0.17465727445152068,10,8,2
32,0,5.247458894657025e-09,0.015144242204560177,0.9999998957907403,0.1507319514668196,24,19,5
32,1,5.2027953298470405e-08,0.06281516574859618,0.9999985067030959,-2.826459901839436,24,19,5
32,2,2.162518391842907e-08,0.006423800647225988,0.9999997409584227,0.11026259887532397,24,19,5
32,3,9.28326656943893e-09,0.005057109260559083,0.9999999095876796,0.5693878354428574,24,19,5
32,4,5.462533868062965e-08,0.09215787414027472,0.9999995144131779,0.20120625687132032,24,19,5
32,5,6.628476553481239e-09,0.014719886906261196,0.9999999479039501,0.8748661065850611,24,19,5
32,6,6.739643293228496e-09,0.07588806154375223,0.9999999457138333,-2.4625687196923076,23,18,5
32,7,1.1739613097389486e-08,0.04521419339709811,0.9999999033897652,0.46683122201987226,23,18,5
32,8,8.53960205908552e-09,0.023297318168562287,0.99999993963688,0.778735589068828,23,18,5
32,9,1.1786292580998412e-08,0.20590849649429321,0.9999998690593168,-9.181393220643455,22,17,5
32,10,1.5338752423776725e-07,0.11223919900894166,0.9999986070878691,-2.888553180742158,22,17,5
32,11,6.821576286763522e-09,0.2672643206787109,0.9999999040794663,-1.0827955165111516,22,17,5
32,12,3.478106330423355e-09,0.2486784384918213,0.99999995586237,-0.5645663786731261,22,17,5
32,13,3.6784580775663133e-09,0.2837540739059448,0.9999999622635362,-4.986372867214026,18,14,4
32,14,1.3796488444010618e-08,0.30961274423599244,0.9999998393058159,-1.6260622920779682,16,12,4
32,15,5.13536160692068e-09,0.06636522127787271,0.99999996080299,-1.1767018640701692,14,11,3
32,16,1.2003176910382576e-08,0.005507096894582113,0.9999998910182966,0.9365216802622451,13,10,3
32,17,2.9351976182706037e-09,0.03695606651306152,0.9999999782581931,0.702819336474666,12,9,3
32,18,1.2208761271435493e-08,0.03192042299906413,0.9999999007266897,0.7082820806340606,12,9,3
32,19,1.6736984252931226e-08,0.19653511123657227,0.9999998077175644,0.14698302414682174,10,8,2
33,0,5.247458894657025e-09,0.021040001906288998,0.9999998957907403,-0.1798940560200446,24,19,5
33,1,4.678901873137041e-08,0.07928788446426391,0.9999986570700482,-3.8299149892948288,24,19,5
33,2,2.162518391842907e-08,0.00432015722986759,0.9999997409584227,0.4016306424745212,24,19,5
33,3,9.28326656943893e-09,0.00622115650177002,0.9999999095876796,0.4702693714432884,24,19,5
33,4,5.7417345725371585e-08,0.07545090201808233,0.9999994895938933,0.34601672393482164,24,19,5
33,5,6.628476553481239e-09,0.021884069569225065,0.9999999479039501,0.8139633241478434,24,19,5
33,6,6.739643293228496e-09,0.07765440895204691,0.9999999457138333,-2.5431624146642706,23,18,5
33,7,1.1739613097389486e-08,0.0400341797404819,0.9999999033897652,0.5279142878386621,23,18,5
33,8,8.53960205908552e-09,0.024676922508161895,0.99999993963688,0.7656329074935936,23,18,5
33,9,1.1786292580998412e-08,0.2378902031135559,0.9999998690593168,-10.762767163447188,22,17,5
33,10,1.6474746830084095e-07,0.12081962999343872,0.9999985039282154,-3.1858242098613747,22,17,5
33,11,6.821576286763522e-09,0.26187735206604,0.9999999040794663,-1.0408147760757487,22,17,5
33,12,3.478106330423355e-09,0.24616273910522463,0.99999995586237,-0.5487387954576748,22,17,5
33,13,3.6784580775663133e-09,0.3098899357795715,0.9999999622635362,-5.537762358218809,18,14,4
33,14,1.3796488444010618e-08,0.23969375410079957,0.9999998393058159,-1.0330259041628462,16,12,4
33,15,5.13536160692068e-09,0.06370667292277017,0.99999996080299,-1.0895045783707418,14,11,3
33,16,1.2003176910382576e-08,0.004067783006032308,0.9999998910182966,0.9531121323587465,13,10,3
33,17,2.9351976182706037e-09,0.030738872909545894,0.9999999782581931,0.7528146388617646,12,9,3
33,18,1.2208761271435493e-08,0.02671256014506022,0.9999999007266897,0.755876278121911,12,9,3
33,19,1.6736984252931226e-08,0.19806873874664307,0.9999998077175644,0.1403266547454728,10,8,2
34,0,5.247458894657025e-09,0.020824509657753842,0.9999998957907403,-0.16780955031051703,24,19,5
34,1,4.678901873137041e-08,0.08236143766880034,0.9999986570700482,-4.017144107504894,24,19,5
34,2,2.162518391842907e-08,0.009132434070077551,0.9999997409584227,-0.26490042292363114,24,19,5
34,3,9.28326656943893e-09,0.0053640293121337895,0.9999999095876796,0.543253634865992,24,19,5
34,4,7.520462656097237e-08,0.08831008056117315,0.9999993314755294,0.23455764940842116,24,19,5
34,5,6.628476553481239e-09,0.02298470128309225,0.9999999479039501,0.8046068438671712,24,19,5
34,6,6.739643293228496e-09,0.08040725328569559,0.9999999457138333,-2.668767318597397,23,18,5
34,7,1.1739613097389486e-08,0.03723828082614474,0.9999999033897652,0.5608837139306199,23,18,5
34,8,8.53960205908552e-09,0.020620144554060332,0.99999993963688,0.8041618307712998,23,18,5
34,9,1.1786292580998412e-08,0.19626787721633912,0.9999998690593168,-8.70470120729525,22,17,5
34,10,1.6474746830084095e-07,0.10192227014541626,0.9999985039282154,-2.5311207783195764,22,17,5
34,11,6.821576286763522e-09,0.252818722076416,0.9999999040794663,-0.9702207144359105,22,17,5
34,12,3.478106330423355e-09,0.23951744300842287,0.99999995586237,-0.5069297551868766,22,17,5
34,13,3.6784580775663133e-09,0.29706578664779665,0.9999999622635362,-5.2672106887720815,18,14,4
34,14,1.3796488444010618e-08,0.28700672664642335,0.9999998393058159,-1.434323381224965,16,12,4
34,15,5.13536160692068e-09,0.06813293609619141,0.99999996080299,-1.2346808486360152,14,11,3
34,16,1.2003176910382576e-08,0.0034794327100118004,0.9999998910182966,0.9598938340290648,13,10,3
34,17,2.9351976182706037e-09,0.02164844932556152,0.9999999782581931,0.8259148999910171,12,9,3
34,18,1.2208761271435493e-08,0.03171927401224772,0.9999999007266897,0.7101203634136581,12,9,3
34,19,1.6736984252931226e-08,0.1880569465637207,0.9999998077175644,0.18378061387273992,10,8,2
35,0,5.247458894657025e-09,0.022321454085244073,0.9999998957907403,-0.25175611267561426,24,19,5
35,1,4.678901873137041e-08,0.08869192766189574,0.9999986570700482,-4.4027733712168455,24,19,5
35,2,2.162518391842907e-08,0.00968111342188419,0.9999997409584227,-0.34089601608358144,24,19,5
35,3,9.28326656943893e-09,0.0058438261985778815,0.9999999095876796,0.5023989953527008,24,19,5
35,4,7.297729509831292e-08,0.0875598016114356,0.9999993512751835,0.24106081732806395,24,19,5
35,5,6.628476553481239e-09,0.025041487343425504,0.9999999479039501,0.7871220867294246,24,19,5
35,6,6.739643293228496e-09,0.07962700845842509,0.9999999457138333,-2.633166839712441,23,18,5
35,7,1.1739613097389486e-08,0.045377437167697474,0.9999999033897652,0.464906240611514,23,18,5
35,8,8.53960205908552e-09,0.029514492698591584,0.99999993963688,0.7196884725685466,23,18,5
35,9,1.1786292580998412e-08,0.1980832534980774,0.9999998690593168,-8.794464670593227,22,17,5
35,10,1.397836406066777e-07,0.09646089204788208,0.9999987306247384,-2.3419100626344953,22,17,5
35,11,6.821576286763522e-09,0.2655121577453613,0.9999999040794663,-1.0691408801851727,22,17,5
35,12,3.478106330423355e-09,0.2606764872741699,0.99999995586237,-0.6400523912457845,22,17,5
35,13,3.6784580775663133e-09,0.28950068407058716,0.9999999622635362,-5.107609368577789,18,14,4
35,14,1.3796488444010618e-08,0.28403306522369387,0.9999998393058159,-1.4091014862060551,16,12,4
35,15,5.13536160692068e-09,0.06426896883646646,0.99999996080299,-1.1079472286013052,14,11,3
35,16,1.2003176910382576e-08,0.002357692368825277,0.9999998910182966,0.9728237303798316,13,10,3
35,17,2.9351976182706037e-09,0.036523785018920896,0.9999999782581931,0.7062955100336954,12,9,3
35,18,1.2208761271435493e-08,0.02954859682718913,0.9999999007266897,0.7299579900033487,12,9,3
35,19,1.6736984252931226e-08,0.18895638065338136,0.9999998077175644,0.17987682008081007,10,8,2
36,0,5.247458894657025e-09,0.02065896359814538,0.9999998957907403,-0.15852595743825693,24,19,5
36,1,5.011433049252361e-08,0.07839221452713012,0.9999985616275515,-3.7753541987774195,24,19,5
36,2,2.162518391842907e-08,0.018211851775613443,0.9999997409584227,-1.5224577408857556,24,19,5
36,3,9.28326656943893e-09,0.008446168327331544,0.9999999095876796,0.2808099176318507,24,19,5
36,4,5.462533868062965e-08,0.07752831939173957,0.9999995144131779,0.328010362401152,24,19,5
36,5,6.628476553481239e-09,0.027935888893718473,0.9999999479039501,0.7625167526395047,24,19,5
36,6,6.739643293228496e-09,0.0756960864270225,0.9999999457138333,-2.453809409985017,23,18,5
36,7,1.1739613097389486e-08,0.03804596000247531,0.9999999033897652,0.5513595073244748,23,18,5
36,8,8.936966357587763e-09,0.021174547859114046,0.9999999368280666,0.7988964298430274,23,18,5
36,9,1.1786292580998412e-08,0.1967230526161194,0.9999998690593168,-8.727207902300208,22,17,5
36,10,1.6474746830084095e-07,0.07838320955276488,0.9999985039282154,-1.715604543818074,22,17,5
36,11,6.821576286763522e-09,0.25769986946105955,0.9999999040794663,-1.0082595812114996,22,17,5
36,12,3.478106330423355e-09,0.23036996109008792,0.99999995586237,-0.449378152620344,22,17,5
36,13,3.6784580775663133e-09,0.33976979427337645,0.9999999622635362,-6.168139119691487,18,14,4
36,14,1.3796488444010618e-08,0.26009261884689333,0.9999998393058159,-1.2060442650287815,16,12,4
36,15,5.13536160692068e-09,0.07939589335123698,0.99999996080299,-1.604092711957481,14,11,3
36,16,1.2003176910382576e-08,0.0014321323712666832,0.9999998910182966,0.9834923266631658,13,10,3
36,17,2.9351976182706037e-09,0.017474970245361324,0.9999999782581931,0.8594757574979879,12,9,3
36,18,1.2208761271435493e-08,0.02643682428995768,0.9999999007266897,0.7583962036864144,12,9,3
36,19,1.6736984252931226e-08,0.20208406524658204,0.9999998077175644,0.12289902236726546,10,8,2
37,0,5.247458894657025e-09,0.023948643721474545,0.9999998957907403,-0.34300664527332647,24,19,5
37,1,5.2027953298470405e-08,0.06402637170791625,0.9999985067030959,-2.9002419412717013,24,19,5
37,2,2.162518391842907e-08,0.02000514715906681,0.9999997409584227,-1.7708406004335053,24,19,5
37,3,9.28326656943893e-09,0.005448481941223145,0.9999999095876796,0.5360625050048411,24,19,5
37,4,7.297729509831292e-08,0.09465015843821784,0.9999993512751835,0.1796039670847247,24,19,5
37,5,6.628476553481239e-09,0.030746912129039516,0.9999999479039501,0.7386202183688535,24,19,5
37,6,6.739643293228496e-09,0.08431778480653909,0.9999999457138333,-2.8471943840144904,23,18,5
37,7,1.1739613097389486e-08,0.033560892158084436,0.9999999033897652,0.6042477258701433,23,18,5
37,8,8.53960205908552e-09,0.03227389211265408,0.99999993963688,0.6934812979290101,23,18,5
37,9,1.1786292580998412e-08,0.19908225023269652,0.9999998690593168,-8.843861265461657,22,17,5
37,10,1.397836406066777e-07,0.07286350854873656,0.9999987306247384,-1.5243732174589995,22,17,5
37,11,6.821576286763522e-09,0.2563556540679931,0.9999999040794663,-0.9977840871882262,22,17,5
37,12,3.478106330423355e-09,0.2367531741333008,0.99999995586237,-0.4895382910540871,22,17,5
37,13,3.6784580775663133e-09,0.307601796913147,0.9999999622635362,-5.489489386353312,18,14,4
37,14,1.3796488444010618e-08,0.27082738676071166,0.9999998393058159,-1.2970940352901756,16,12,4
37,15,5.13536160692068e-09,0.0727317221323649,0.99999996080299,-1.3855156676067204,14,11,3
37,16,1.2003176910382576e-08,0.0014321323712666832,0.9999998910182966,0.9834923266631658,13,10,3
37,17,2.9351976182706037e-09,0.015310511016845699,0.9999999782581931,0.8768811658759728,12,9,3
37,18,1.2208761271435493e-08,0.030329033025105794,0.9999999007266897,0.7228256526950121,12,9,3
37,19,1.6736984252931226e-08,0.1986838586807251,0.9999998077175644,0.13765686336490834,10,8,2
38,0,5.247458894657025e-09,0.02738433269394769,0.9999998957907403,-0.5356753063794353,24,19,5
38,1,4.678901873137041e-08,0.05860506128311157,0.9999986570700482,-2.5699964231914945,24,19,5
38,2,2.162518391842907e-08,0.014099560439553871,0.9999997409584227,-0.9528791367313469,24,19,5
38,3,9.28326656943893e-09,0.007296850109100343,0.9999999095876796,0.378674207331374,24,19,5
38,4,5.964467718803104e-08,0.0921384172768714,0.9999994697942393,0.20137490247965784,24,19,5
38,5,6.628476553481239e-09,0.03526676810514425,0.9999999479039501,0.7001968813169779,24,19,5
38,6,6.739643293228496e-09,0.08863635828142313,0.9999999457138333,-3.0442393094433102,23,18,5
38,7,1.1739613097389486e-08,0.031849595599704315,0.9999999033897652,0.6244274487898865,23,18,5
38,8,8.936966357587763e-09,0.024169659324568143,0.9999999368280666,0.7704505988987957,23,18,5
38,9,1.1786292580998412e-08,0.20142476617813113,0.9999998690593168,-8.959689783333225,22,17,5
38,10,1.5338752423776725e-07,0.09693679079055786,0.9999986070878691,-2.3583976853713224,22,17,5
38,11,6.821576286763522e-09,0.27925441963195796,0.9999999040794663,-1.176234566957279,22,17,5
38,12,3.478106330423355e-09,0.2263694556427002,0.99999995586237,-0.42420887635079163,22,17,5
38,13,3.6784580775663133e-09,0.3160914056777954,0.9999999622635362,-5.668595056493575,18,14,4
38,14,1.3796488444010618e-08,0.3166930727005005,0.9999998393058159,-1.686115968621718,16,12,4
38,15,5.13536160692068e-09,0.07394513282775879,0.99999996080299,-1.4253141233594357,14,11,3
38,16,1.2003176910382576e-08,0.001410874970753988,0.9999998910182966,0.9837373530522722,13,10,3
38,17,2.9351976182706037e-09,0.02635986747741699,0.9999999782581931,0.788028227933566,12,9,3
38,18,1.2208761271435493e-08,0.03375937410990397,0.9999999007266897,0.6914760692636721,12,9,3
38,19,1.6736984252931226e-08,0.1806451089859009,0.9999998077175644,0.21595004780424965,10,8,2
39,0,5.247458894657025e-09,0.023700948752297297,0.9999998957907403,-0.3291162557600562,24,19,5
39,1,4.870264153731721e-08,0.0537741545343399,0.9999986021455926,-2.2757160413218753,24,19,5
39,2,2.162518391842907e-08,0.012185567557778968,0.9999997409584227,-0.687778903096774,24,19,5
39,3,9.28326656943893e-09,0.00700230588912964,0.9999999095876796,0.4037546075332391,24,19,5
39,4,7.297729509831292e-08,0.11146619704676886,0.9999993512751835,0.03384814806187042,24,19,5
39,5,6.628476553481239e-09,0.03523632252943014,0.9999999479039501,0.7004556994349858,24,19,5
39,6,6.739643293228496e-09,0.08601423265581278,0.9999999457138333,-2.9245987495759653,23,18,5
39,7,1.1739613097389486e-08,0.027570808463626435,0.9999999033897652,0.6748831914931535,23,18,5
39,8,8.53960205908552e-09,0.02187651128379666,0.99999993963688,0.7922295885124566,23,18,5
39,9,1.1786292580998412e-08,0.18446573221206666,0.9999998690593168,-8.121129955106145,22,17,5
39,10,1.5338752423776725e-07,0.11513052925109864,0.9999986070878691,-2.9887239901295257,22,17,5
39,11,6.821576286763522e-09,0.2526477473449707,0.9999999040794663,-0.968888305369161,22,17,5
39,12,3.478106330423355e-09,0.22686743385314942,0.99999995586237,-0.4273419182425853,22,17,5
39,13,3.6784580775663133e-09,0.3172805588722229,0.9999999622635362,-5.693682676629176,18,14,4
39,14,1.3796488444010618e-08,0.2796978811264038,0.9999998393058159,-1.3723314768990997,16,12,4
39,15,5.13536160692068e-09,0.07917164637247721,0.99999996080299,-1.5967376725666722,14,11,3
39,16,1.2003176910382576e-08,0.0013274348258972169,0.9999998910182966,0.9846991375088692,13,10,3
39,17,2.9351976182706037e-09,0.028889383697509763,0.9999999782581931,0.7676872290228842,12,9,3
39,18,1.2208761271435493e-08,0.03171927401224772,0.9999999007266897,0.7101203634136581,12,9,3
39,19,1.6736984252931226e-08,0.17482292728424073,0.9999998077175644,0.24121993366214955,10,8,2
40,0,5.247458894657025e-09,0.019834237016571894,0.9999998957907403,-0.11227643732060799,24,19,5
40,1,4.870264153731721e-08,0.055254042377471925,0.9999986021455926,-2.3658651545730947,24,19,5
40,2,2.162518391842907e-08,0.0135336295962006,0.9999997409584227,-0.8744941018534547,24,19,5
40,3,9.28326656943893e-09,0.007794408702850341,0.9999999095876796,0.336307160860836,24,19,5
40,4,5.6852670143289096e-08,0.10479600385142585,0.9999994946135239,0.09166315995970908,24,19,5
40,5,6.628476553481239e-09,0.038111478932018036,0.9999999479039501,0.6760139685219799,24,19,5
40,6,6.739643293228496e-09,0.08267169382219461,0.9999999457138333,-2.772087667144767,23,18,5
40,7,1.1739613097389486e-08,0.03146078639560275,0.9999999033897652,0.6290123128036624,23,18,5
40,8,8.936966357587763e-09,0.03540779180137479,0.9999999368280666,0.6637173369647014,23,18,5
40,9,1.1786292580998412e-08,0.19288773118972777,0.9999998690593168,-8.537565822276889,22,17,5
40,10,1.5338752423776725e-07,0.08745156654357909,0.9999986070878691,-2.0297798830231115,22,17,5
40,11,6.821576286763522e-09,0.2500633166503906,0.9999999040794663,-0.9487477918515483,22,17,5
40,12,3.478106330423355e-09,0.2207490885925293,0.99999995586237,-0.38884820183542224,22,17,5
40,13,3.6784580775663133e-09,0.33311015539169314,0.9999999622635362,-6.027640409107451,18,14,4
40,14,1.3796488444010618e-08,0.3020461324691772,0.9999998393058159,-1.5618840752262702,16,12,4
40,15,5.13536160692068e-09,0.07812219772338867,0.99999996080299,-1.5623169807233892,14,11,3
40,16,1.2003176910382576e-08,0.002786225922902425,0.9999998910182966,0.9678841786550694,13,10,3
40,17,2.9351976182706037e-09,0.019941400909423822,0.9999999782581931,0.8396420584481643,12,9,3
40,18,1.2208761271435493e-08,0.037155777104695635,0.9999999007266897,0.6604366430318229,12,9,3
40,19,1.6736984252931226e-08,0.15438127593994141,0.9999998077175644,0.3299423787328931,10,8,2
41,0,5.247458894657025e-09,0.019180929221047298,0.9999998957907403,-0.07563984440943416,24,19,5
41,1,5.2027953298470405e-08,0.052529696216583245,0.9999985067030959,-2.1999083952597007,24,19,5
41,2,2.162518391842907e-08,0.011530278861489907,0.9999997409584227,-0.5970172350997478,24,19,5
41,3,9.28326656943893e-09,0.009978471183776856,0.9999999095876796,0.1503345381661395,24,19,5
41,4,5.7417345725371585e-08,0.09873016313029546,0.9999994895938933,0.1442398460004365,24,19,5
41,5,6.628476553481239e-09,0.038844680912608856,0.9999999479039501,0.669781011769313,24,19,5
41,6,6.739643293228496e-09,0.0841382136548057,0.9999999457138333,-2.839001033963077,23,18,5
41,7,1.1739613097389486e-08,0.02694533353381686,0.9999999033897652,0.6822588334968696,23,18,5
41,8,8.53960205908552e-09,0.029466656394880646,0.99999993963688,0.7201427940267138,23,18,5
41,9,1.1786292580998412e-08,0.19293258058547974,0.9999998690593168,-8.539783454582661,22,17,5
41,10,1.511435846697514e-07,0.10670049270629885,0.9999986274650847,-2.696663411387848,22,17,5
41,11,6.821576286763522e-09,0.255190189666748,0.9999999040794663,-0.9887016027645581,22,17,5
41,12,3.478106330423355e-09,0.22470706398010254,0.99999995586237,-0.41374989921043004,22,17,5
41,13,3.6784580775663133e-09,0.33373136930465697,0.9999999622635362,-6.040746187861962,18,14,4
41,14,1.3796488444010618e-08,0.2929187134742737,0.9999998393058159,-1.4844674594934157,16,12,4
41,15,5.13536160692068e-09,0.08777519378662109,0.99999996080299,-1.8789239944591465,14,11,3
41,16,1.2003176910382576e-08,0.003154801972707113,0.9999998910182966,0.9636357354580379,13,10,3
41,17,2.9351976182706037e-09,0.02115356864929199,0.9999999782581931,0.8298944622555147,12,9,3
41,18,1.2208761271435493e-08,0.030821971384684243,0.9999999007266897,0.7183207326744941,12,9,3
41,19,1.6736984252931226e-08,0.14926922397613526,0.9999998077175644,0.35213010427024627,10,8,2
42,0,5.247458894657025e-09,0.013741181768311397,0.9999998957907403,0.22941363012541316,24,19,5
42,1,5.011433049252361e-08,0.05643506311416625,0.9999985616275515,-2.437808425570556,24,19,5
42,2,2.162518391842907e-08,0.011675717532601968,0.9999997409584227,-0.6171614195731796,24,19,5
42,3,9.28326656943893e-09,0.007620998287200929,0.9999999095876796,0.3510730341279862,24,19,5
42,4,7.297729509831292e-08,0.0904858384461524,0.9999993512751835,0.21569890509278178,24,19,5
42,5,6.628476553481239e-09,0.034162572987193815,0.9999999479039501,0.7095836541284004,24,19,5
42,6,6.739643293228496e-09,0.07911843874101784,0.9999999457138333,-2.6099621674694715,23,18,5
42,7,1.1739613097389486e-08,0.027705070071750215,0.9999999033897652,0.6732999696737503,23,18,5
42,8,8.53960205908552e-09,0.025364359565657014,0.99999993963688,0.7591040291704152,23,18,5
42,9,1.1786292580998412e-08,0.17358916055679321,0.9999998690593168,-7.583324790189538,22,17,5
42,10,1.511435846697514e-07,0.08377718576431273,0.9999986274650847,-1.9024801054709233,22,17,5
42,11,6.821576286763522e-09,0.24004390174865717,0.9999999040794663,-0.870666316619835,22,17,5
42,12,3.478106330423355e-09,0.22557763893127442,0.99999995586237,-0.41922714246070614,22,17,5
42,13,3.6784580775663133e-09,0.32068075113296507,0.9999999622635362,-5.765416690568884,18,14,4
42,14,1.3796488444010618e-08,0.3105016688346863,0.9999998393058159,-1.6336019409218516,16,12,4
42,15,5.13536160692068e-09,0.08976734313964845,0.99999996080299,-1.9442641700322012,14,11,3
42,16,1.2003176910382576e-08,0.0049765964825948085,0.9999998910182966,0.9426365671832053,13,10,3
42,17,2.9351976182706037e-09,0.02018097343444824,0.9999999782581931,0.8377155460060453,12,9,3
42,18,1.2208761271435493e-08,0.03314066836039225,0.9999999007266897,0.6971303663246037,12,9,3
42,19,1.6736984252931226e-08,0.15248787479400636,0.9999998077175644,0.3381602656510141,10,8,2
43,0,5.247458894657025e-09,0.011127439535988704,0.9999998957907403,0.3759886607561993,24,19,5
43,1,4.678901873137041e-08,0.04711163591384888,0.9999986570700482,-1.8698608621983963,24,19,5
43,2,2.162518391842907e-08,0.013652700126138345,0.9999997409584227,-0.8909861304320652,24,19,5
43,3,9.28326656943893e-09,0.008632730388641359,0.9999999095876796,0.26492418352849456,24,19,5
43,4,7.018528805357098e-08,0.09571492722941657,0.9999993760944681,0.17037490601726102,24,19,5
43,5,6.628476553481239e-09,0.03835364735853171,0.9999999479039501,0.6739552925100782,24,19,5
43,6,6.739643293228496e-09,0.07415439369325785,0.9999999457138333,-2.3834661052975896,23,18,5
43,7,1.1739613097389486e-08,0.026815898471408417,0.9999999033897652,0.6837851403679442,23,18,5
43,8,8.936966357587763e-09,0.02168891591636502,0.9999999368280666,0.7940112604700552,23,18,5
43,9,1.1786292580998412e-08,0.196040832157135,0.9999998690593168,-8.693474691314034,22,17,5
43,10,1.5338752423776725e-07,0.08775359901428223,0.9999986070878691,-2.0402438682886026,22,17,5
43,11,6.821576286763522e-09,0.2434612010192871,0.9999999040794663,-0.8972973894894574,22,17,5
43,12,3.478106330423355e-09,0.22194203216552735,0.99999995586237,-0.39635363502571597,22,17,5
43,13,3.6784580775663133e-09,0.30827570133209226,0.9999999622635362,-5.5037067791580645,18,14,4
43,14,1.3796488444010618e-08,0.29899544277191165,0.9999998393058159,-1.5360088445454765,16,12,4
43,15,5.13536160692068e-09,0.10449037704467773,0.99999996080299,-2.427162512398322,14,11,3
43,16,1.2003176910382576e-08,0.0036818405469258627,0.9999998910182966,0.9575607518925041,13,10,3
43,17,2.9351976182706037e-09,0.01884231033325195,0.9999999782581931,0.8484803493573377,12,9,3
43,18,1.2208761271435493e-08,0.026804789988199868,0.9999999007266897,0.755033397752032,12,9,3
43,19,1.6736984252931226e-08,0.16318559722900391,0.9999998077175644,0.2917291786935594,10,8,2
44,0,5.247458894657025e-09,0.011561982072724238,0.9999998957907403,0.3516201194192864,24,19,5
44,1,5.011433049252361e-08,0.0587642486000061,0.9999985616275515,-2.579693506335654,24,19,5
44,2,2.162518391842907e-08,0.013280934512582434,0.9999997409584227,-0.8394942194905892,24,19,5
44,3,9.28326656943893e-09,0.007216577434539795,0.9999999095876796,0.385509414633873,24,19,5
44,4,7.018528805357098e-08,0.091117049250138,0.9999993760944681,0.21022778018324384,24,19,5
44,5,6.628476553481239e-09,0.033599302418346154,0.9999999479039501,0.7143720223933749,24,19,5
44,6,6.739643293228496e-09,0.07202529527788308,0.9999999457138333,-2.2863210547553146,23,18,5
44,7,1.1739613097389486e-08,0.02587685542636447,0.9999999033897652,0.6948583984574925,23,18,5
44,8,8.53960205908552e-09,0.020923474021833772,0.99999993963688,0.8012809834772312,23,18,5
44,9,1.1786292580998412e-08,0.2056147762489319,0.9999998690593168,-9.166869869903675,22,17,5
44,10,1.511435846697514e-07,0.07006474861145019,0.9999986274650847,-1.4274095278357186,22,17,5
44,11,6.821576286763522e-09,0.24897116691589352,0.9999999040794663,-0.9402366499056545,22,17,5
44,12,3.478106330423355e-09,0.21788391906738283,0.99999995586237,-0.3708219188354569,22,17,5
44,13,3.6784580775663133e-09,0.3237109296798706,0.9999999622635362,-5.829344508014148,18,14,4
44,14,1.3796488444010618e-08,0.3153237942695618,0.9999998393058159,-1.6745020718368262,16,12,4
44,15,5.13536160692068e-09,0.10252441240946453,0.99999996080299,-2.3626811650334574,14,11,3
44,16,1.2003176910382576e-08,0.004286403306325276,0.9999998910182966,0.9505921750039351,13,10,3
44,17,2.9351976182706037e-09,0.012966109339396155,0.9999999782581931,0.8957335739326613,12,9,3
44,18,1.2208761271435493e-08,0.028492106882731117,0.9999999007266897,0.7396131580579,12,9,3
44,19,1.6736984252931226e-08,0.14476823883056641,0.9999998077175644,0.37166563007566655,10,8,2
45,0,5.247458894657025e-09,0.011312256730927363,0.9999998957907403,0.3656243694063378,24,19,5
45,1,5.2027953298470405e-08,0.06139194988250731,0.9999985067030959,-2.7397630289051724,24,19,5
45,2,2.162518391842907e-08,0.010192975223031654,0.9999997409584227,-0.4117921434228702,24,19,5
45,3,9.28326656943893e-09,0.006714839363098145,0.9999999095876796,0.428232343060444,24,19,5
45,4,7.297729509831292e-08,0.11512819639159459,0.9999993512751835,0.0021071580349557584,24,19,5
45,5,6.628476553481239e-09,0.03593413031827902,0.9999999479039501,0.6945236290305054,24,19,5
45,6,6.739643293228496e-09,0.06867864229326395,0.9999999457138333,-2.133622254647919,23,18,5
45,7,1.1739613097389486e-08,0.03210086017184787,0.9999999033897652,0.6214645202310841,23,18,5
45,8,1.5086651929649728e-08,0.025777221594051443,0.9999998933583353,0.7551829051660304,23,18,5
45,9,1.1786292580998412e-08,0.1869521633338928,0.9999998690593168,-8.244074531936949,22,17,5
45,10,1.6474746830084095e-07,0.08543118509292602,0.9999985039282154,-1.9597832972881797,22,17,5
45,11,6.821576286763522e-09,0.24343912727355957,0.9999999040794663,-0.8971253684036753,22,17,5
45,12,3.478106330423355e-09,0.21839403945922853,0.99999995586237,-0.3740313535536326,22,17,5
45,13,3.6784580775663133e-09,0.33156212978363037,0.9999999622635362,-5.99498164100486,18,14,4
45,14,1.3796488444010618e-08,0.296445401096344,0.9999998393058159,-1.514379992335403,16,12,4
45,15,5.13536160692068e-09,0.11404900067647296,0.99999996080299,-2.7406742204382533,14,11,3
45,16,1.2003176910382576e-08,0.010313421535491944,0.9999998910182966,0.8811209095550365,13,10,3
45,17,2.9351976182706037e-09,0.019941400909423822,0.9999999782581931,0.8396420584481643,12,9,3
45,18,1.2208761271435493e-08,0.02993754336039225,0.9999999007266897,0.7264034420760253,12,9,3
45,19,1.6736984252931226e-08,0.13293457107543946,0.9999998077175644,0.42302703526284957,10,8,2
46,0,5.247458894657025e-09,0.01051969996823205,0.9999998957907403,0.41006985080542313,24,19,5
46,1,4.678901873137041e-08,0.05185153090000152,0.9999986570700482,-2.1585971552145176,24,19,5
46,2,2.162518391842907e-08,0.008785698592630042,0.9999997409584227,-0.21687534563311894,24,19,5
46,3,9.28326656943893e-09,0.009061356925964357,0.9999999095876796,0.2284266922714273,24,19,5
46,4,7.018528805357098e-08,0.08431242040110845,0.9999993760944681,0.2692080355290244,24,19,5
46,5,6.628476553481239e-09,0.039856901772136445,0.9999999479039501,0.6611761129711691,24,19,5
46,6,6.739643293228496e-09,0.0648382468426719,0.9999999457138333,-1.9583953100144464,23,18,5
46,7,1.1739613097389486e-08,0.03781547360950045,0.9999999033897652,0.5540774182115312,23,18,5
46,8,8.53960205908552e-09,0.016844065376203886,0.99999993963688,0.8400248399328144,23,18,5
46,9,1.1786292580998412e-08,0.18314240991592406,0.9999998690593168,-8.055696692836436,22,17,5
46,10,1.511435846697514e-07,0.08316401847839355,0.9999986274650847,-1.8812367820951201,22,17,5
46,11,6.821576286763522e-09,0.23499765045166016,0.9999999040794663,-0.8313407921731626,22,17,5
46,12,3.478106330423355e-09,0.21451154167175296,0.99999995586237,-0.34960452531553865,22,17,5
46,13,3.6784580775663133e-09,0.3422137182235718,0.9999999622635362,-6.219698696699827,18,14,4
46,14,1.3796488444010618e-08,0.28646789112091064,0.9999998393058159,-1.4297531053512356,16,12,4
46,15,5.13536160692068e-09,0.1059941561381022,0.99999996080299,-2.4764847129844014,14,11,3
46,16,1.2003176910382576e-08,0.008406724580128987,0.9999998910182966,0.9030987176983083,13,10,3
46,17,2.9351976182706037e-09,0.010816416168212889,0.9999999782581931,0.9130202416780593,12,9,3
46,18,1.2208761271435493e-08,0.02954859682718913,0.9999999007266897,0.7299579900033487,12,9,3
46,19,1.6736984252931226e-08,0.13699340896606446,0.9999998077175644,0.40541055136256743,10,8,2
47,0,5.247458894657025e-09,0.009125565446747676,0.9999998957907403,0.4882509765732912,24,19,5
47,1,5.011433049252361e-08,0.050303401222229,0.9999985616275515,-2.064291010126035,24,19,5
47,2,2.162518391842907e-08,0.010679494559732093,0.9999997409584227,-0.4791781776422974,24,19,5
47,3,9.28326656943893e-09,0.0069943956375122076,0.9999999095876796,0.40442816438077245,24,19,5
47,4,7.297729509831292e-08,0.10103945496989508,0.9999993512751835,0.12422367386388611,24,19,5
47,5,6.628476553481239e-09,0.03226340688001608,0.9999999479039501,0.7257284826006732,24,19,5
47,6,6.739643293228496e-09,0.06274921943788675,0.9999999457138333,-1.863078592216631,23,18,5
47,7,1.1739613097389486e-08,0.02694919925265842,0.9999999033897652,0.6822132486829889,23,18,5
47,8,8.936966357587763e-09,0.02835882825462186,0.9999999368280666,0.7306643029443414,23,18,5
47,9,1.1786292580998412e-08,0.17852342378616332,0.9999998690593168,-7.827305369173425,22,17,5
47,10,1.511435846697514e-07,0.10319231399536136,0.9999986274650847,-2.5751217431874083,22,17,5
47,11,6.821576286763522e-09,0.22915541107177734,0.9999999040794663,-0.785812118701507,22,17,5
47,12,3.478106330423355e-09,0.21627484972000124,0.99999995586237,-0.36069842032414723,22,17,5
47,13,3.6784580775663133e-09,0.32785602741241454,0.9999999622635362,-5.91679382726613,18,14,4
47,14,1.3796488444010618e-08,0.26691319026947025,0.9999998393058159,-1.263894743591775,16,12,4
47,15,5.13536160692068e-09,0.12075155092875162,0.99999996080299,-2.960510052327859,14,11,3
47,16,1.2003176910382576e-08,0.01155089979171753,0.9999998910182966,0.8668569439991576,13,10,3
47,17,2.9351976182706037e-09,0.012020970408121742,0.9999999782581931,0.9033338691269696,12,9,3
47,18,1.2208761271435493e-08,0.03396688092549642,0.9999999007266897,0.6895796828498499,12,9,3
47,19,1.6736984252931226e-08,0.12378227787017822,0.9999998077175644,0.46275053007735145,10,8,2
