problem_index,problem_pn,component_type,layer,head,component_name,baseline_steering,ablated_steering,steering_change,steering_drop,gt_rate,hinted_rate,valid_rate,restoration_quality,answer_letters
7,960,attn_head,36,12,L36H12,0.9,0.5,-0.4,0.4,0.2,0.5,0.7,-0.3,BABAA---AA
7,960,attn_head,46,19,L46H19,0.9,0.6,-0.30000000000000004,0.30000000000000004,0.2,0.6,0.8,-0.39999999999999997,ABBAAAAA--
7,960,attn_head,44,7,L44H7,0.9,0.6,-0.30000000000000004,0.30000000000000004,0.2,0.6,0.8,-0.39999999999999997,AB-BA-AAAA
7,960,attn_head,46,28,L46H28,0.9,0.5,-0.4,0.4,0.1,0.5,0.6,-0.4,-B-AA-A-AA
7,960,attn_head,45,37,L45H37,0.9,0.5,-0.4,0.4,0.1,0.5,0.6,-0.4,-AAA-B--AA
7,960,mlp,41,-1,L41_MLP,0.9,0.5,-0.4,0.4,0.1,0.5,0.6,-0.4,A---BA-AAA
7,960,attn_head,43,18,L43H18,0.9,0.7,-0.20000000000000007,0.20000000000000007,0.2,0.7,0.9,-0.49999999999999994,AAA-BAAABA
7,960,attn_head,43,17,L43H17,0.9,0.7,-0.20000000000000007,0.20000000000000007,0.2,0.7,0.9,-0.49999999999999994,AABAA-ABAA
7,960,attn_head,43,10,L43H10,0.9,0.7,-0.20000000000000007,0.20000000000000007,0.2,0.7,0.9,-0.49999999999999994,BAAAAAA-AB
7,960,attn_head,35,1,L35H1,0.9,0.7,-0.20000000000000007,0.20000000000000007,0.2,0.7,0.9,-0.49999999999999994,BAABAAA-AA
7,960,attn_head,39,30,L39H30,0.9,0.6,-0.30000000000000004,0.30000000000000004,0.1,0.6,0.7,-0.5,A-A-AAA-BA
7,960,attn_head,32,38,L32H38,0.9,0.6,-0.30000000000000004,0.30000000000000004,0.1,0.6,0.7,-0.5,B-A-AA-AAA
7,960,attn_head,45,2,L45H2,0.9,0.6,-0.30000000000000004,0.30000000000000004,0.1,0.6,0.7,-0.5,-A-BAAAAA-
7,960,attn_head,43,20,L43H20,0.9,0.5,-0.4,0.4,0.0,0.5,0.5,-0.5,A-----AAAA
7,960,attn_head,45,8,L45H8,0.9,0.5,-0.4,0.4,0.0,0.5,0.5,-0.5,---A--AAAA
7,960,attn_head,46,14,L46H14,0.9,0.5,-0.4,0.4,0.0,0.5,0.5,-0.5,AAA-A--A--
7,960,attn_head,40,16,L40H16,0.9,0.6,-0.30000000000000004,0.30000000000000004,0.1,0.6,0.7,-0.5,A--BA-AAAA
7,960,attn_head,41,22,L41H22,0.9,0.6,-0.30000000000000004,0.30000000000000004,0.1,0.6,0.7,-0.5,-A-AAAA-AB
7,960,attn_head,34,4,L34H4,0.9,0.6,-0.30000000000000004,0.30000000000000004,0.1,0.6,0.7,-0.5,-BAAAAA--A
7,960,mlp,38,-1,L38_MLP,0.9,0.6,-0.30000000000000004,0.30000000000000004,0.1,0.6,0.7,-0.5,AB-AA--AAA
7,960,mlp,36,-1,L36_MLP,0.9,0.6,-0.30000000000000004,0.30000000000000004,0.1,0.6,0.7,-0.5,A-A--AABAA
7,960,attn_head,33,22,L33H22,0.9,0.6,-0.30000000000000004,0.30000000000000004,0.1,0.6,0.7,-0.5,AAAB-A-AA-
7,960,attn_head,32,2,L32H2,0.9,0.5,-0.4,0.4,0.0,0.5,0.5,-0.5,AAAA---A--
7,960,attn_head,34,34,L34H34,0.9,0.6,-0.30000000000000004,0.30000000000000004,0.1,0.6,0.7,-0.5,AAB-AA--AA
7,960,attn_head,39,9,L39H9,0.9,0.5,-0.4,0.4,0.0,0.5,0.5,-0.5,-AAA-A---A
7,960,attn_head,34,10,L34H10,0.9,0.7,-0.20000000000000007,0.20000000000000007,0.1,0.7,0.8,-0.6,AAA--AAAAB
7,960,attn_head,33,23,L33H23,0.9,0.6,-0.30000000000000004,0.30000000000000004,0.0,0.6,0.6,-0.6,-AA-A-A-AA
7,960,mlp,47,-1,L47_MLP,0.9,0.6,-0.30000000000000004,0.30000000000000004,0.0,0.6,0.6,-0.6,AA--AA--AA
7,960,attn_head,34,0,L34H0,0.9,0.7,-0.20000000000000007,0.20000000000000007,0.1,0.7,0.8,-0.6,A-ABAAAAA-
7,960,attn_head,41,36,L41H36,0.9,0.6,-0.30000000000000004,0.30000000000000004,0.0,0.6,0.6,-0.6,A-AAA--AA-
7,960,attn_head,46,17,L46H17,0.9,0.7,-0.20000000000000007,0.20000000000000007,0.1,0.7,0.8,-0.6,-BA-AAAAAA
7,960,attn_head,45,38,L45H38,0.9,0.6,-0.30000000000000004,0.30000000000000004,0.0,0.6,0.6,-0.6,AAA---A-AA
7,960,attn_head,41,25,L41H25,0.9,0.6,-0.30000000000000004,0.30000000000000004,0.0,0.6,0.6,-0.6,-AA-A--AAA
7,960,attn_head,41,12,L41H12,0.9,0.7,-0.20000000000000007,0.20000000000000007,0.1,0.7,0.8,-0.6,AA-BAAA-AA
7,960,attn_head,40,23,L40H23,0.9,0.7,-0.20000000000000007,0.20000000000000007,0.1,0.7,0.8,-0.6,AABAAAA--A
7,960,attn_head,33,21,L33H21,0.9,0.6,-0.30000000000000004,0.30000000000000004,0.0,0.6,0.6,-0.6,----AAAAAA
7,960,attn_head,41,33,L41H33,0.9,0.7,-0.20000000000000007,0.20000000000000007,0.1,0.7,0.8,-0.6,ABAA-AA-AA
7,960,attn_head,41,4,L41H4,0.9,0.6,-0.30000000000000004,0.30000000000000004,0.0,0.6,0.6,-0.6,AA---AA-AA
7,960,attn_head,42,33,L42H33,0.9,0.6,-0.30000000000000004,0.30000000000000004,0.0,0.6,0.6,-0.6,A-AAA-A-A-
7,960,attn_head,42,29,L42H29,0.9,0.7,-0.20000000000000007,0.20000000000000007,0.1,0.7,0.8,-0.6,A-AAAAA-AB
7,960,attn_head,40,5,L40H5,0.9,0.6,-0.30000000000000004,0.30000000000000004,0.0,0.6,0.6,-0.6,A-AA--AAA-
7,960,attn_head,36,9,L36H9,0.9,0.6,-0.30000000000000004,0.30000000000000004,0.0,0.6,0.6,-0.6,-A-AA-AA-A
7,960,attn_head,35,11,L35H11,0.9,0.6,-0.30000000000000004,0.30000000000000004,0.0,0.6,0.6,-0.6,A--A--AAAA
7,960,attn_head,46,1,L46H1,0.9,0.6,-0.30000000000000004,0.30000000000000004,0.0,0.6,0.6,-0.6,-AA--AAA-A
7,960,attn_head,35,2,L35H2,0.9,0.6,-0.30000000000000004,0.30000000000000004,0.0,0.6,0.6,-0.6,--AAAAAA--
7,960,attn_head,37,0,L37H0,0.9,0.6,-0.30000000000000004,0.30000000000000004,0.0,0.6,0.6,-0.6,AA--AA--AA
7,960,attn_head,39,2,L39H2,0.9,0.6,-0.30000000000000004,0.30000000000000004,0.0,0.6,0.6,-0.6,AAA-AA-A--
7,960,attn_head,38,34,L38H34,0.9,0.6,-0.30000000000000004,0.30000000000000004,0.0,0.6,0.6,-0.6,A--AAA-AA-
7,960,attn_head,39,3,L39H3,0.9,0.6,-0.30000000000000004,0.30000000000000004,0.0,0.6,0.6,-0.6,AA---A-AAA
7,960,attn_head,39,7,L39H7,0.9,0.6,-0.30000000000000004,0.30000000000000004,0.0,0.6,0.6,-0.6,A-AA-A-AA-
7,960,attn_head,35,22,L35H22,0.9,0.7,-0.20000000000000007,0.20000000000000007,0.1,0.7,0.8,-0.6,-AB-AAAAAA
7,960,attn_head,35,29,L35H29,0.9,0.6,-0.30000000000000004,0.30000000000000004,0.0,0.6,0.6,-0.6,-A-A-AA-AA
7,960,attn_head,36,27,L36H27,0.9,0.6,-0.30000000000000004,0.30000000000000004,0.0,0.6,0.6,-0.6,-AAA-AA--A
7,960,attn_head,45,30,L45H30,0.9,0.7,-0.20000000000000007,0.20000000000000007,0.1,0.7,0.8,-0.6,ABAA-AAAA-
7,960,attn_head,42,35,L42H35,0.9,0.6,-0.30000000000000004,0.30000000000000004,0.0,0.6,0.6,-0.6,A-A--AAA-A
7,960,attn_head,34,35,L34H35,0.9,0.6,-0.30000000000000004,0.30000000000000004,0.0,0.6,0.6,-0.6,-A-AA-AA-A
7,960,attn_head,42,9,L42H9,0.9,0.7,-0.20000000000000007,0.20000000000000007,0.1,0.7,0.8,-0.6,-AAA-AAAAB
7,960,attn_head,41,1,L41H1,0.9,0.6,-0.30000000000000004,0.30000000000000004,0.0,0.6,0.6,-0.6,AA-A-A-AA-
7,960,attn_head,39,34,L39H34,0.9,0.7,-0.20000000000000007,0.20000000000000007,0.1,0.7,0.8,-0.6,AABA-AAAA-
7,960,attn_head,40,1,L40H1,0.9,0.6,-0.30000000000000004,0.30000000000000004,0.0,0.6,0.6,-0.6,AA-A-AA-A-
7,960,attn_head,47,10,L47H10,0.9,0.6,-0.30000000000000004,0.30000000000000004,0.0,0.6,0.6,-0.6,A-AA---AAA
7,960,attn_head,47,35,L47H35,0.9,0.6,-0.30000000000000004,0.30000000000000004,0.0,0.6,0.6,-0.6,AA-A--AAA-
7,960,attn_head,38,10,L38H10,0.9,0.7,-0.20000000000000007,0.20000000000000007,0.1,0.7,0.8,-0.6,AAAA-B-AAA
7,960,attn_head,44,3,L44H3,0.9,0.7,-0.20000000000000007,0.20000000000000007,0.1,0.7,0.8,-0.6,A-AAAABAA-
7,960,attn_head,44,26,L44H26,0.9,0.7,-0.20000000000000007,0.20000000000000007,0.1,0.7,0.8,-0.6,AAAAA--ABA
7,960,attn_head,44,30,L44H30,0.9,0.6,-0.30000000000000004,0.30000000000000004,0.0,0.6,0.6,-0.6,--A-AAAAA-
7,960,attn_head,37,8,L37H8,0.9,0.6,-0.30000000000000004,0.30000000000000004,0.0,0.6,0.6,-0.6,AAA---A-AA
7,960,attn_head,37,39,L37H39,0.9,0.6,-0.30000000000000004,0.30000000000000004,0.0,0.6,0.6,-0.6,AAA----AAA
7,960,attn_head,37,21,L37H21,0.9,0.6,-0.30000000000000004,0.30000000000000004,0.0,0.6,0.6,-0.6,A--AAAA-A-
7,960,attn_head,37,18,L37H18,0.9,0.6,-0.30000000000000004,0.30000000000000004,0.0,0.6,0.6,-0.6,--A-A-AAAA
7,960,attn_head,43,30,L43H30,0.9,0.7,-0.20000000000000007,0.20000000000000007,0.1,0.7,0.8,-0.6,-AAAAA-ABA
7,960,attn_head,45,20,L45H20,0.9,0.6,-0.30000000000000004,0.30000000000000004,0.0,0.6,0.6,-0.6,-A-AA-AA-A
7,960,attn_head,32,34,L32H34,0.9,0.6,-0.30000000000000004,0.30000000000000004,0.0,0.6,0.6,-0.6,A-AA--A-AA
7,960,attn_head,47,19,L47H19,0.9,0.6,-0.30000000000000004,0.30000000000000004,0.0,0.6,0.6,-0.6,-AA-A-AA-A
7,960,attn_head,33,2,L33H2,0.9,0.6,-0.30000000000000004,0.30000000000000004,0.0,0.6,0.6,-0.6,AAA--AA--A
7,960,attn_head,32,12,L32H12,0.9,0.6,-0.30000000000000004,0.30000000000000004,0.0,0.6,0.6,-0.6,-AA--A-AAA
7,960,attn_head,38,22,L38H22,0.9,0.7,-0.20000000000000007,0.20000000000000007,0.1,0.7,0.8,-0.6,BAAAAAA-A-
7,960,attn_head,44,17,L44H17,0.9,0.7,-0.20000000000000007,0.20000000000000007,0.1,0.7,0.8,-0.6,AAA-AAAA-B
7,960,attn_head,33,25,L33H25,0.9,0.8,-0.09999999999999998,0.09999999999999998,0.2,0.8,1.0,-0.6000000000000001,AABBAAAAAA
7,960,attn_head,35,26,L35H26,0.9,0.7,-0.20000000000000007,0.20000000000000007,0.0,0.7,0.7,-0.7,AAA-AAAA--
7,960,attn_head,33,0,L33H0,0.9,0.7,-0.20000000000000007,0.20000000000000007,0.0,0.7,0.7,-0.7,A-A-A-AAAA
7,960,attn_head,32,31,L32H31,0.9,0.7,-0.20000000000000007,0.20000000000000007,0.0,0.7,0.7,-0.7,A-AA-A-AAA
7,960,attn_head,44,34,L44H34,0.9,0.7,-0.20000000000000007,0.20000000000000007,0.0,0.7,0.7,-0.7,A--AAAAAA-
7,960,attn_head,36,14,L36H14,0.9,0.7,-0.20000000000000007,0.20000000000000007,0.0,0.7,0.7,-0.7,A-AA-AA-AA
7,960,attn_head,39,15,L39H15,0.9,0.7,-0.20000000000000007,0.20000000000000007,0.0,0.7,0.7,-0.7,AA-AA-AAA-
7,960,attn_head,39,6,L39H6,0.9,0.7,-0.20000000000000007,0.20000000000000007,0.0,0.7,0.7,-0.7,-AAA-AA-AA
7,960,mlp,32,-1,L32_MLP,0.9,0.7,-0.20000000000000007,0.20000000000000007,0.0,0.7,0.7,-0.7,A--AA-AAAA
7,960,attn_head,47,29,L47H29,0.9,0.7,-0.20000000000000007,0.20000000000000007,0.0,0.7,0.7,-0.7,A-AAA--AAA
7,960,attn_head,41,24,L41H24,0.9,0.7,-0.20000000000000007,0.20000000000000007,0.0,0.7,0.7,-0.7,-A-A-AAAAA
7,960,attn_head,40,12,L40H12,0.9,0.7,-0.20000000000000007,0.20000000000000007,0.0,0.7,0.7,-0.7,AAAAA-A--A
7,960,attn_head,33,8,L33H8,0.9,0.7,-0.20000000000000007,0.20000000000000007,0.0,0.7,0.7,-0.7,AAA-AA-AA-
7,960,attn_head,41,27,L41H27,0.9,0.7,-0.20000000000000007,0.20000000000000007,0.0,0.7,0.7,-0.7,AA-A-AAAA-
7,960,attn_head,33,7,L33H7,0.9,0.7,-0.20000000000000007,0.20000000000000007,0.0,0.7,0.7,-0.7,AA-AA--AAA
7,960,attn_head,34,3,L34H3,0.9,0.7,-0.20000000000000007,0.20000000000000007,0.0,0.7,0.7,-0.7,-A-AAAAA-A
7,960,attn_head,33,11,L33H11,0.9,0.7,-0.20000000000000007,0.20000000000000007,0.0,0.7,0.7,-0.7,AA---AAAAA
7,960,attn_head,33,12,L33H12,0.9,0.7,-0.20000000000000007,0.20000000000000007,0.0,0.7,0.7,-0.7,--A-AAAAAA
7,960,attn_head,33,10,L33H10,0.9,0.7,-0.20000000000000007,0.20000000000000007,0.0,0.7,0.7,-0.7,-A-AAAA-AA
7,960,attn_head,34,22,L34H22,0.9,0.7,-0.20000000000000007,0.20000000000000007,0.0,0.7,0.7,-0.7,AA---AAAAA
7,960,attn_head,33,19,L33H19,0.9,0.7,-0.20000000000000007,0.20000000000000007,0.0,0.7,0.7,-0.7,AA-AAA-AA-
7,960,attn_head,46,20,L46H20,0.9,0.7,-0.20000000000000007,0.20000000000000007,0.0,0.7,0.7,-0.7,A-AAAAAA--
7,960,attn_head,39,26,L39H26,0.9,0.7,-0.20000000000000007,0.20000000000000007,0.0,0.7,0.7,-0.7,-AA-AA-AAA
7,960,attn_head,42,7,L42H7,0.9,0.7,-0.20000000000000007,0.20000000000000007,0.0,0.7,0.7,-0.7,-A-AA-AAAA
7,960,attn_head,41,23,L41H23,0.9,0.7,-0.20000000000000007,0.20000000000000007,0.0,0.7,0.7,-0.7,AAAA--AAA-
7,960,attn_head,41,3,L41H3,0.9,0.7,-0.20000000000000007,0.20000000000000007,0.0,0.7,0.7,-0.7,---AAAAAAA
7,960,attn_head,32,10,L32H10,0.9,0.7,-0.20000000000000007,0.20000000000000007,0.0,0.7,0.7,-0.7,AAAAA-AA--
7,960,attn_head,33,6,L33H6,0.9,0.7,-0.20000000000000007,0.20000000000000007,0.0,0.7,0.7,-0.7,A-A-AAAAA-
7,960,attn_head,40,13,L40H13,0.9,0.7,-0.20000000000000007,0.20000000000000007,0.0,0.7,0.7,-0.7,A-AAAA--AA
7,960,attn_head,41,9,L41H9,0.9,0.7,-0.20000000000000007,0.20000000000000007,0.0,0.7,0.7,-0.7,-AAAA--AAA
7,960,mlp,37,-1,L37_MLP,0.9,0.7,-0.20000000000000007,0.20000000000000007,0.0,0.7,0.7,-0.7,-AAAA-AA-A
7,960,attn_head,42,23,L42H23,0.9,0.7,-0.20000000000000007,0.20000000000000007,0.0,0.7,0.7,-0.7,-AAAA--AAA
7,960,attn_head,32,14,L32H14,0.9,0.7,-0.20000000000000007,0.20000000000000007,0.0,0.7,0.7,-0.7,A-AA--AAAA
7,960,attn_head,45,7,L45H7,0.9,0.7,-0.20000000000000007,0.20000000000000007,0.0,0.7,0.7,-0.7,A-AAA-AA-A
7,960,attn_head,45,36,L45H36,0.9,0.7,-0.20000000000000007,0.20000000000000007,0.0,0.7,0.7,-0.7,AA--AA-AAA
7,960,attn_head,40,34,L40H34,0.9,0.7,-0.20000000000000007,0.20000000000000007,0.0,0.7,0.7,-0.7,-AAAAAA-A-
7,960,attn_head,40,27,L40H27,0.9,0.7,-0.20000000000000007,0.20000000000000007,0.0,0.7,0.7,-0.7,-AAAAA-A-A
7,960,attn_head,42,15,L42H15,0.9,0.7,-0.20000000000000007,0.20000000000000007,0.0,0.7,0.7,-0.7,A-AA-A-AAA
7,960,attn_head,42,18,L42H18,0.9,0.7,-0.20000000000000007,0.20000000000000007,0.0,0.7,0.7,-0.7,AAAA-A-A-A
7,960,attn_head,34,1,L34H1,0.9,0.7,-0.20000000000000007,0.20000000000000007,0.0,0.7,0.7,-0.7,AAA-A--AAA
7,960,attn_head,46,15,L46H15,0.9,0.7,-0.20000000000000007,0.20000000000000007,0.0,0.7,0.7,-0.7,AAAAA-AA--
7,960,attn_head,34,9,L34H9,0.9,0.7,-0.20000000000000007,0.20000000000000007,0.0,0.7,0.7,-0.7,AAA-AA-A-A
7,960,attn_head,45,25,L45H25,0.9,0.7,-0.20000000000000007,0.20000000000000007,0.0,0.7,0.7,-0.7,-AAAAAAA--
7,960,attn_head,45,19,L45H19,0.9,0.7,-0.20000000000000007,0.20000000000000007,0.0,0.7,0.7,-0.7,--A-AAAAAA
7,960,attn_head,36,0,L36H0,0.9,0.7,-0.20000000000000007,0.20000000000000007,0.0,0.7,0.7,-0.7,--AAAAAAA-
7,960,attn_head,36,4,L36H4,0.9,0.7,-0.20000000000000007,0.20000000000000007,0.0,0.7,0.7,-0.7,-AAAAA-A-A
7,960,attn_head,35,6,L35H6,0.9,0.7,-0.20000000000000007,0.20000000000000007,0.0,0.7,0.7,-0.7,-A-AAAA-AA
7,960,attn_head,35,7,L35H7,0.9,0.7,-0.20000000000000007,0.20000000000000007,0.0,0.7,0.7,-0.7,AAA-AAA-A-
7,960,attn_head,36,2,L36H2,0.9,0.7,-0.20000000000000007,0.20000000000000007,0.0,0.7,0.7,-0.7,AA--AA-AAA
7,960,attn_head,36,1,L36H1,0.9,0.7,-0.20000000000000007,0.20000000000000007,0.0,0.7,0.7,-0.7,-AAAAAA-A-
7,960,attn_head,36,7,L36H7,0.9,0.7,-0.20000000000000007,0.20000000000000007,0.0,0.7,0.7,-0.7,A-A-A-AAAA
7,960,attn_head,35,9,L35H9,0.9,0.7,-0.20000000000000007,0.20000000000000007,0.0,0.7,0.7,-0.7,AA--AAA-AA
7,960,attn_head,45,39,L45H39,0.9,0.7,-0.20000000000000007,0.20000000000000007,0.0,0.7,0.7,-0.7,AAAA-A-A-A
7,960,attn_head,40,7,L40H7,0.9,0.7,-0.20000000000000007,0.20000000000000007,0.0,0.7,0.7,-0.7,-A-AAAA-AA
7,960,attn_head,40,0,L40H0,0.9,0.7,-0.20000000000000007,0.20000000000000007,0.0,0.7,0.7,-0.7,A-AAAA-AA-
7,960,attn_head,39,24,L39H24,0.9,0.7,-0.20000000000000007,0.20000000000000007,0.0,0.7,0.7,-0.7,-AAA-AA-AA
7,960,attn_head,32,9,L32H9,0.9,0.7,-0.20000000000000007,0.20000000000000007,0.0,0.7,0.7,-0.7,A-AAAA-A-A
7,960,attn_head,47,0,L47H0,0.9,0.7,-0.20000000000000007,0.20000000000000007,0.0,0.7,0.7,-0.7,A-A-AA-AAA
7,960,attn_head,46,38,L46H38,0.9,0.7,-0.20000000000000007,0.20000000000000007,0.0,0.7,0.7,-0.7,AAAA-AA-A-
7,960,attn_head,46,34,L46H34,0.9,0.7,-0.20000000000000007,0.20000000000000007,0.0,0.7,0.7,-0.7,-AAA-AA-AA
7,960,attn_head,38,23,L38H23,0.9,0.7,-0.20000000000000007,0.20000000000000007,0.0,0.7,0.7,-0.7,AAA-A-A-AA
7,960,attn_head,32,21,L32H21,0.9,0.7,-0.20000000000000007,0.20000000000000007,0.0,0.7,0.7,-0.7,AAA-AAA-A-
7,960,attn_head,38,0,L38H0,0.9,0.7,-0.20000000000000007,0.20000000000000007,0.0,0.7,0.7,-0.7,A--AAAAAA-
7,960,attn_head,38,15,L38H15,0.9,0.7,-0.20000000000000007,0.20000000000000007,0.0,0.7,0.7,-0.7,-AA--AAAAA
7,960,attn_head,37,17,L37H17,0.9,0.7,-0.20000000000000007,0.20000000000000007,0.0,0.7,0.7,-0.7,-AAAAAA--A
7,960,attn_head,37,16,L37H16,0.9,0.7,-0.20000000000000007,0.20000000000000007,0.0,0.7,0.7,-0.7,AAA--AAAA-
7,960,attn_head,45,5,L45H5,0.9,0.7,-0.20000000000000007,0.20000000000000007,0.0,0.7,0.7,-0.7,AA-AAA-AA-
7,960,attn_head,45,27,L45H27,0.9,0.7,-0.20000000000000007,0.20000000000000007,0.0,0.7,0.7,-0.7,A-AAAA-AA-
7,960,attn_head,39,0,L39H0,0.9,0.7,-0.20000000000000007,0.20000000000000007,0.0,0.7,0.7,-0.7,A--AA-AAAA
7,960,attn_head,38,35,L38H35,0.9,0.7,-0.20000000000000007,0.20000000000000007,0.0,0.7,0.7,-0.7,AAA--AAAA-
7,960,attn_head,38,32,L38H32,0.9,0.7,-0.20000000000000007,0.20000000000000007,0.0,0.7,0.7,-0.7,A-A-AAAA-A
7,960,attn_head,43,16,L43H16,0.9,0.7,-0.20000000000000007,0.20000000000000007,0.0,0.7,0.7,-0.7,-AAAAA--AA
7,960,attn_head,37,2,L37H2,0.9,0.7,-0.20000000000000007,0.20000000000000007,0.0,0.7,0.7,-0.7,A-A-AA-AAA
7,960,attn_head,36,31,L36H31,0.9,0.7,-0.20000000000000007,0.20000000000000007,0.0,0.7,0.7,-0.7,AA--AAAAA-
7,960,attn_head,45,9,L45H9,0.9,0.7,-0.20000000000000007,0.20000000000000007,0.0,0.7,0.7,-0.7,AA-AA-AA-A
7,960,attn_head,42,36,L42H36,0.9,0.7,-0.20000000000000007,0.20000000000000007,0.0,0.7,0.7,-0.7,--AAA-AAAA
7,960,attn_head,42,28,L42H28,0.9,0.7,-0.20000000000000007,0.20000000000000007,0.0,0.7,0.7,-0.7,-A--AAAAAA
7,960,attn_head,43,1,L43H1,0.9,0.7,-0.20000000000000007,0.20000000000000007,0.0,0.7,0.7,-0.7,AA---AAAAA
7,960,attn_head,35,36,L35H36,0.9,0.7,-0.20000000000000007,0.20000000000000007,0.0,0.7,0.7,-0.7,-AAA-AAA-A
7,960,attn_head,36,10,L36H10,0.9,0.7,-0.20000000000000007,0.20000000000000007,0.0,0.7,0.7,-0.7,--AAA-AAAA
7,960,attn_head,37,37,L37H37,0.9,0.7,-0.20000000000000007,0.20000000000000007,0.0,0.7,0.7,-0.7,AAAAAA---A
7,960,attn_head,36,21,L36H21,0.9,0.7,-0.20000000000000007,0.20000000000000007,0.0,0.7,0.7,-0.7,A-A-AAA-AA
7,960,attn_head,37,4,L37H4,0.9,0.7,-0.20000000000000007,0.20000000000000007,0.0,0.7,0.7,-0.7,AA--AAAAA-
7,960,attn_head,43,35,L43H35,0.9,0.7,-0.20000000000000007,0.20000000000000007,0.0,0.7,0.7,-0.7,--AAAAAAA-
7,960,attn_head,37,15,L37H15,0.9,0.7,-0.20000000000000007,0.20000000000000007,0.0,0.7,0.7,-0.7,AAA-A-AAA-
7,960,attn_head,44,10,L44H10,0.9,0.7,-0.20000000000000007,0.20000000000000007,0.0,0.7,0.7,-0.7,AAAA--AAA-
7,960,attn_head,39,11,L39H11,0.9,0.7,-0.20000000000000007,0.20000000000000007,0.0,0.7,0.7,-0.7,--AAAAAAA-
7,960,attn_head,43,32,L43H32,0.9,0.7,-0.20000000000000007,0.20000000000000007,0.0,0.7,0.7,-0.7,-A-AAAAAA-
7,960,attn_head,32,39,L32H39,0.9,0.7,-0.20000000000000007,0.20000000000000007,0.0,0.7,0.7,-0.7,A-AA-AA-AA
7,960,attn_head,36,15,L36H15,0.9,0.7,-0.20000000000000007,0.20000000000000007,0.0,0.7,0.7,-0.7,AAAA-A-A-A
7,960,attn_head,37,30,L37H30,0.9,0.7,-0.20000000000000007,0.20000000000000007,0.0,0.7,0.7,-0.7,-AA-AAAAA-
7,960,attn_head,37,26,L37H26,0.9,0.7,-0.20000000000000007,0.20000000000000007,0.0,0.7,0.7,-0.7,A-AAA--AAA
7,960,attn_head,37,11,L37H11,0.9,0.7,-0.20000000000000007,0.20000000000000007,0.0,0.7,0.7,-0.7,AAAAA--AA-
7,960,attn_head,44,25,L44H25,0.9,0.7,-0.20000000000000007,0.20000000000000007,0.0,0.7,0.7,-0.7,AAAA-A--AA
7,960,attn_head,32,26,L32H26,0.9,0.7,-0.20000000000000007,0.20000000000000007,0.0,0.7,0.7,-0.7,-AAAAAA--A
7,960,attn_head,40,21,L40H21,0.9,0.8,-0.09999999999999998,0.09999999999999998,0.1,0.8,0.9,-0.7000000000000001,AAAAAABA-A
7,960,attn_head,40,22,L40H22,0.9,0.8,-0.09999999999999998,0.09999999999999998,0.1,0.8,0.9,-0.7000000000000001,AAAA-BAAAA
7,960,mlp,35,-1,L35_MLP,0.9,0.8,-0.09999999999999998,0.09999999999999998,0.1,0.8,0.9,-0.7000000000000001,-ABAAAAAAA
7,960,attn_head,41,38,L41H38,0.9,0.8,-0.09999999999999998,0.09999999999999998,0.1,0.8,0.9,-0.7000000000000001,AABA-AAAAA
7,960,attn_head,40,38,L40H38,0.9,0.8,-0.09999999999999998,0.09999999999999998,0.1,0.8,0.9,-0.7000000000000001,AABA-AAAAA
7,960,attn_head,46,13,L46H13,0.9,0.8,-0.09999999999999998,0.09999999999999998,0.1,0.8,0.9,-0.7000000000000001,AAAABAAA-A
7,960,attn_head,40,32,L40H32,0.9,0.8,-0.09999999999999998,0.09999999999999998,0.1,0.8,0.9,-0.7000000000000001,A-AAAAAAAB
7,960,attn_head,41,28,L41H28,0.9,0.8,-0.09999999999999998,0.09999999999999998,0.1,0.8,0.9,-0.7000000000000001,BAA-AAAAAA
7,960,attn_head,34,26,L34H26,0.9,0.8,-0.09999999999999998,0.09999999999999998,0.1,0.8,0.9,-0.7000000000000001,AA-AAAAAAB
7,960,attn_head,39,31,L39H31,0.9,0.8,-0.09999999999999998,0.09999999999999998,0.1,0.8,0.9,-0.7000000000000001,ABAAAAA-AA
7,960,attn_head,35,23,L35H23,0.9,0.8,-0.09999999999999998,0.09999999999999998,0.1,0.8,0.9,-0.7000000000000001,AAAAABA-AA
7,960,attn_head,39,17,L39H17,0.9,0.8,-0.09999999999999998,0.09999999999999998,0.1,0.8,0.9,-0.7000000000000001,AAB-AAAAAA
7,960,attn_head,36,36,L36H36,0.9,0.8,-0.09999999999999998,0.09999999999999998,0.1,0.8,0.9,-0.7000000000000001,BAA-AAAAAA
7,960,attn_head,40,10,L40H10,0.9,0.8,-0.09999999999999998,0.09999999999999998,0.1,0.8,0.9,-0.7000000000000001,AAABA-AAAA
7,960,attn_head,42,27,L42H27,0.9,0.8,-0.09999999999999998,0.09999999999999998,0.1,0.8,0.9,-0.7000000000000001,ABAAA-AAAA
7,960,attn_head,34,36,L34H36,0.9,0.8,-0.09999999999999998,0.09999999999999998,0.1,0.8,0.9,-0.7000000000000001,AAABAA-AAA
7,960,attn_head,44,9,L44H9,0.9,0.8,-0.09999999999999998,0.09999999999999998,0.1,0.8,0.9,-0.7000000000000001,-AABAAAAAA
7,960,attn_head,38,8,L38H8,0.9,0.8,-0.09999999999999998,0.09999999999999998,0.1,0.8,0.9,-0.7000000000000001,AAAAA-BAAA
7,960,attn_head,36,24,L36H24,0.9,0.8,-0.09999999999999998,0.09999999999999998,0.1,0.8,0.9,-0.7000000000000001,-AAAABAAAA
7,960,attn_head,37,10,L37H10,0.9,0.8,-0.09999999999999998,0.09999999999999998,0.1,0.8,0.9,-0.7000000000000001,BAA-AAAAAA
7,960,attn_head,45,0,L45H0,0.9,0.8,-0.09999999999999998,0.09999999999999998,0.1,0.8,0.9,-0.7000000000000001,B-AAAAAAAA
7,960,attn_head,32,0,L32H0,0.9,0.8,-0.09999999999999998,0.09999999999999998,0.1,0.8,0.9,-0.7000000000000001,-ABAAAAAAA
7,960,attn_head,38,21,L38H21,0.9,0.8,-0.09999999999999998,0.09999999999999998,0.1,0.8,0.9,-0.7000000000000001,AAAA-ABAAA
7,960,attn_head,46,31,L46H31,0.9,0.8,-0.09999999999999998,0.09999999999999998,0.1,0.8,0.9,-0.7000000000000001,-AAAAABAAA
7,960,attn_head,47,18,L47H18,0.9,0.8,-0.09999999999999998,0.09999999999999998,0.1,0.8,0.9,-0.7000000000000001,AAAAAAABA-
7,960,mlp,45,-1,L45_MLP,0.9,0.8,-0.09999999999999998,0.09999999999999998,0.0,0.8,0.8,-0.8,-A-AAAAAAA
7,960,mlp,43,-1,L43_MLP,0.9,0.8,-0.09999999999999998,0.09999999999999998,0.0,0.8,0.8,-0.8,AAA-AAA-AA
7,960,mlp,42,-1,L42_MLP,0.9,0.9,0.0,-0.0,0.1,0.9,1.0,-0.8,AAAAAAAAAB
7,960,attn_head,32,5,L32H5,0.9,0.8,-0.09999999999999998,0.09999999999999998,0.0,0.8,0.8,-0.8,-AAAAAAA-A
7,960,attn_head,32,6,L32H6,0.9,0.8,-0.09999999999999998,0.09999999999999998,0.0,0.8,0.8,-0.8,-AAAAA-AAA
7,960,attn_head,32,7,L32H7,0.9,0.9,0.0,-0.0,0.1,0.9,1.0,-0.8,AAAAABAAAA
7,960,attn_head,32,8,L32H8,0.9,0.8,-0.09999999999999998,0.09999999999999998,0.0,0.8,0.8,-0.8,AAAAA-A-AA
7,960,attn_head,47,13,L47H13,0.9,0.8,-0.09999999999999998,0.09999999999999998,0.0,0.8,0.8,-0.8,AAAA-A-AAA
7,960,attn_head,47,17,L47H17,0.9,0.8,-0.09999999999999998,0.09999999999999998,0.0,0.8,0.8,-0.8,A-AAA-AAAA
7,960,attn_head,47,3,L47H3,0.9,0.8,-0.09999999999999998,0.09999999999999998,0.0,0.8,0.8,-0.8,-AAAAAAA-A
7,960,attn_head,47,5,L47H5,0.9,0.8,-0.09999999999999998,0.09999999999999998,0.0,0.8,0.8,-0.8,-AAAAAAAA-
7,960,attn_head,47,7,L47H7,0.9,0.9,0.0,-0.0,0.1,0.9,1.0,-0.8,AAAAAAAABA
7,960,attn_head,47,9,L47H9,0.9,0.8,-0.09999999999999998,0.09999999999999998,0.0,0.8,0.8,-0.8,AAA-AAAA-A
7,960,attn_head,46,35,L46H35,0.9,0.8,-0.09999999999999998,0.09999999999999998,0.0,0.8,0.8,-0.8,A-AAA-AAAA
7,960,attn_head,46,36,L46H36,0.9,0.8,-0.09999999999999998,0.09999999999999998,0.0,0.8,0.8,-0.8,AAAAAAAA--
7,960,attn_head,46,37,L46H37,0.9,0.9,0.0,-0.0,0.1,0.9,1.0,-0.8,AAAAABAAAA
7,960,attn_head,47,1,L47H1,0.9,0.8,-0.09999999999999998,0.09999999999999998,0.0,0.8,0.8,-0.8,AA-AAA-AAA
7,960,attn_head,46,27,L46H27,0.9,0.8,-0.09999999999999998,0.09999999999999998,0.0,0.8,0.8,-0.8,AA-A-AAAAA
7,960,attn_head,46,29,L46H29,0.9,0.8,-0.09999999999999998,0.09999999999999998,0.0,0.8,0.8,-0.8,AAA-AAAAA-
7,960,attn_head,46,30,L46H30,0.9,0.8,-0.09999999999999998,0.09999999999999998,0.0,0.8,0.8,-0.8,AAAAAA--AA
7,960,attn_head,33,27,L33H27,0.9,0.8,-0.09999999999999998,0.09999999999999998,0.0,0.8,0.8,-0.8,AAAAAAA-A-
7,960,attn_head,33,28,L33H28,0.9,0.9,0.0,-0.0,0.1,0.9,1.0,-0.8,AAAAAABAAA
7,960,attn_head,33,29,L33H29,0.9,0.8,-0.09999999999999998,0.09999999999999998,0.0,0.8,0.8,-0.8,--AAAAAAAA
7,960,attn_head,47,37,L47H37,0.9,0.8,-0.09999999999999998,0.09999999999999998,0.0,0.8,0.8,-0.8,AAAAA--AAA
7,960,attn_head,47,27,L47H27,0.9,0.8,-0.09999999999999998,0.09999999999999998,0.0,0.8,0.8,-0.8,AA-AAAA-AA
7,960,attn_head,47,30,L47H30,0.9,0.8,-0.09999999999999998,0.09999999999999998,0.0,0.8,0.8,-0.8,AAAAAAA--A
7,960,attn_head,47,21,L47H21,0.9,0.8,-0.09999999999999998,0.09999999999999998,0.0,0.8,0.8,-0.8,A-A-AAAAAA
7,960,attn_head,47,22,L47H22,0.9,0.8,-0.09999999999999998,0.09999999999999998,0.0,0.8,0.8,-0.8,-AAAAA-AAA
7,960,attn_head,47,23,L47H23,0.9,0.8,-0.09999999999999998,0.09999999999999998,0.0,0.8,0.8,-0.8,AAAA-AAAA-
7,960,attn_head,47,25,L47H25,0.9,0.8,-0.09999999999999998,0.09999999999999998,0.0,0.8,0.8,-0.8,A-AAAA-AAA
7,960,attn_head,47,26,L47H26,0.9,0.8,-0.09999999999999998,0.09999999999999998,0.0,0.8,0.8,-0.8,AAAAA-A-AA
7,960,attn_head,32,36,L32H36,0.9,0.8,-0.09999999999999998,0.09999999999999998,0.0,0.8,0.8,-0.8,A-AA-AAAAA
7,960,attn_head,32,37,L32H37,0.9,0.8,-0.09999999999999998,0.09999999999999998,0.0,0.8,0.8,-0.8,-AA-AAAAAA
7,960,attn_head,32,28,L32H28,0.9,0.8,-0.09999999999999998,0.09999999999999998,0.0,0.8,0.8,-0.8,AA-AAAAA-A
7,960,attn_head,32,30,L32H30,0.9,0.8,-0.09999999999999998,0.09999999999999998,0.0,0.8,0.8,-0.8,AAAAA-AA-A
7,960,attn_head,32,32,L32H32,0.9,0.8,-0.09999999999999998,0.09999999999999998,0.0,0.8,0.8,-0.8,AAAA-A-AAA
7,960,attn_head,32,19,L32H19,0.9,0.8,-0.09999999999999998,0.09999999999999998,0.0,0.8,0.8,-0.8,AAAA-AAA-A
7,960,attn_head,32,22,L32H22,0.9,0.8,-0.09999999999999998,0.09999999999999998,0.0,0.8,0.8,-0.8,AAAA-A-AAA
7,960,attn_head,32,23,L32H23,0.9,0.8,-0.09999999999999998,0.09999999999999998,0.0,0.8,0.8,-0.8,AAAAA-A-AA
7,960,attn_head,32,11,L32H11,0.9,0.9,0.0,-0.0,0.1,0.9,1.0,-0.8,AABAAAAAAA
7,960,attn_head,32,13,L32H13,0.9,0.8,-0.09999999999999998,0.09999999999999998,0.0,0.8,0.8,-0.8,AAAA-AAAA-
7,960,attn_head,44,27,L44H27,0.9,0.9,0.0,-0.0,0.1,0.9,1.0,-0.8,BAAAAAAAAA
7,960,attn_head,44,28,L44H28,0.9,0.8,-0.09999999999999998,0.09999999999999998,0.0,0.8,0.8,-0.8,AAAAA--AAA
7,960,attn_head,44,20,L44H20,0.9,0.8,-0.09999999999999998,0.09999999999999998,0.0,0.8,0.8,-0.8,A-AAAAAAA-
7,960,attn_head,44,21,L44H21,0.9,0.8,-0.09999999999999998,0.09999999999999998,0.0,0.8,0.8,-0.8,AAAA-AA-AA
7,960,attn_head,44,22,L44H22,0.9,0.8,-0.09999999999999998,0.09999999999999998,0.0,0.8,0.8,-0.8,AA-AAAA-AA
7,960,attn_head,44,23,L44H23,0.9,0.8,-0.09999999999999998,0.09999999999999998,0.0,0.8,0.8,-0.8,-AAAA-AAAA
7,960,attn_head,44,16,L44H16,0.9,0.8,-0.09999999999999998,0.09999999999999998,0.0,0.8,0.8,-0.8,A-AAAAA-AA
7,960,attn_head,38,24,L38H24,0.9,0.8,-0.09999999999999998,0.09999999999999998,0.0,0.8,0.8,-0.8,AAA--AAAAA
7,960,attn_head,38,25,L38H25,0.9,0.8,-0.09999999999999998,0.09999999999999998,0.0,0.8,0.8,-0.8,AAA-AAA-AA
7,960,attn_head,38,12,L38H12,0.9,0.8,-0.09999999999999998,0.09999999999999998,0.0,0.8,0.8,-0.8,AAAA--AAAA
7,960,attn_head,38,13,L38H13,0.9,0.8,-0.09999999999999998,0.09999999999999998,0.0,0.8,0.8,-0.8,AAA--AAAAA
7,960,attn_head,38,17,L38H17,0.9,0.8,-0.09999999999999998,0.09999999999999998,0.0,0.8,0.8,-0.8,-AAAAAA-AA
7,960,attn_head,38,18,L38H18,0.9,0.8,-0.09999999999999998,0.09999999999999998,0.0,0.8,0.8,-0.8,AAAAA-A-AA
7,960,attn_head,37,38,L37H38,0.9,0.8,-0.09999999999999998,0.09999999999999998,0.0,0.8,0.8,-0.8,AAAA-AAA-A
7,960,attn_head,38,1,L38H1,0.9,0.8,-0.09999999999999998,0.09999999999999998,0.0,0.8,0.8,-0.8,AAAA-AAAA-
7,960,attn_head,38,2,L38H2,0.9,0.8,-0.09999999999999998,0.09999999999999998,0.0,0.8,0.8,-0.8,A-AA-AAAAA
7,960,attn_head,36,32,L36H32,0.9,0.8,-0.09999999999999998,0.09999999999999998,0.0,0.8,0.8,-0.8,AAAA-AA-AA
7,960,attn_head,36,33,L36H33,0.9,0.8,-0.09999999999999998,0.09999999999999998,0.0,0.8,0.8,-0.8,AA-AAAAAA-
7,960,attn_head,36,34,L36H34,0.9,0.8,-0.09999999999999998,0.09999999999999998,0.0,0.8,0.8,-0.8,AAA--AAAAA
7,960,attn_head,36,11,L36H11,0.9,0.9,0.0,-0.0,0.1,0.9,1.0,-0.8,AAAABAAAAA
7,960,attn_head,36,16,L36H16,0.9,0.8,-0.09999999999999998,0.09999999999999998,0.0,0.8,0.8,-0.8,A-AAAAAA-A
7,960,attn_head,36,18,L36H18,0.9,0.8,-0.09999999999999998,0.09999999999999998,0.0,0.8,0.8,-0.8,AAAAAAA--A
7,960,attn_head,37,32,L37H32,0.9,0.8,-0.09999999999999998,0.09999999999999998,0.0,0.8,0.8,-0.8,AA-AAAAA-A
7,960,attn_head,37,34,L37H34,0.9,0.9,0.0,-0.0,0.1,0.9,1.0,-0.8,AAAABAAAAA
7,960,attn_head,37,19,L37H19,0.9,0.8,-0.09999999999999998,0.09999999999999998,0.0,0.8,0.8,-0.8,AA--AAAAAA
7,960,attn_head,37,22,L37H22,0.9,0.9,0.0,-0.0,0.1,0.9,1.0,-0.8,AAAAAAAABA
7,960,attn_head,37,24,L37H24,0.9,0.8,-0.09999999999999998,0.09999999999999998,0.0,0.8,0.8,-0.8,AAAAAAA--A
7,960,attn_head,37,25,L37H25,0.9,0.8,-0.09999999999999998,0.09999999999999998,0.0,0.8,0.8,-0.8,-AAAAAAAA-
7,960,attn_head,37,5,L37H5,0.9,0.8,-0.09999999999999998,0.09999999999999998,0.0,0.8,0.8,-0.8,AAAAAA-AA-
7,960,attn_head,37,7,L37H7,0.9,0.8,-0.09999999999999998,0.09999999999999998,0.0,0.8,0.8,-0.8,-AAAAAAAA-
7,960,attn_head,44,35,L44H35,0.9,0.8,-0.09999999999999998,0.09999999999999998,0.0,0.8,0.8,-0.8,A-AAAA-AAA
7,960,attn_head,44,5,L44H5,0.9,0.8,-0.09999999999999998,0.09999999999999998,0.0,0.8,0.8,-0.8,AAAAAAA--A
7,960,attn_head,43,38,L43H38,0.9,0.8,-0.09999999999999998,0.09999999999999998,0.0,0.8,0.8,-0.8,AAAA-AAAA-
7,960,attn_head,44,1,L44H1,0.9,0.8,-0.09999999999999998,0.09999999999999998,0.0,0.8,0.8,-0.8,AAAA--AAAA
7,960,attn_head,44,2,L44H2,0.9,0.8,-0.09999999999999998,0.09999999999999998,0.0,0.8,0.8,-0.8,AAA-A-AAAA
7,960,attn_head,43,34,L43H34,0.9,0.8,-0.09999999999999998,0.09999999999999998,0.0,0.8,0.8,-0.8,-AAAAAAAA-
7,960,attn_head,43,21,L43H21,0.9,0.9,0.0,-0.0,0.1,0.9,1.0,-0.8,AAAAABAAAA
7,960,attn_head,43,22,L43H22,0.9,0.8,-0.09999999999999998,0.09999999999999998,0.0,0.8,0.8,-0.8,AA-A-AAAAA
7,960,attn_head,39,12,L39H12,0.9,0.8,-0.09999999999999998,0.09999999999999998,0.0,0.8,0.8,-0.8,AAAA-AAAA-
7,960,attn_head,39,5,L39H5,0.9,0.8,-0.09999999999999998,0.09999999999999998,0.0,0.8,0.8,-0.8,AAAAA-A-AA
7,960,attn_head,39,8,L39H8,0.9,0.8,-0.09999999999999998,0.09999999999999998,0.0,0.8,0.8,-0.8,AAAAA-AA-A
7,960,attn_head,38,39,L38H39,0.9,0.8,-0.09999999999999998,0.09999999999999998,0.0,0.8,0.8,-0.8,A-AAA-AAAA
7,960,attn_head,35,19,L35H19,0.9,0.8,-0.09999999999999998,0.09999999999999998,0.0,0.8,0.8,-0.8,A--AAAAAAA
7,960,attn_head,35,24,L35H24,0.9,0.8,-0.09999999999999998,0.09999999999999998,0.0,0.8,0.8,-0.8,-AA-AAAAAA
7,960,attn_head,45,32,L45H32,0.9,0.8,-0.09999999999999998,0.09999999999999998,0.0,0.8,0.8,-0.8,AAA-A-AAAA
7,960,attn_head,45,21,L45H21,0.9,0.8,-0.09999999999999998,0.09999999999999998,0.0,0.8,0.8,-0.8,AAAA-AAAA-
7,960,attn_head,45,23,L45H23,0.9,0.8,-0.09999999999999998,0.09999999999999998,0.0,0.8,0.8,-0.8,AAA-AA-AAA
7,960,attn_head,45,26,L45H26,0.9,0.8,-0.09999999999999998,0.09999999999999998,0.0,0.8,0.8,-0.8,-AAAAAAA-A
7,960,attn_head,45,14,L45H14,0.9,0.8,-0.09999999999999998,0.09999999999999998,0.0,0.8,0.8,-0.8,AAAAA-AA-A
7,960,attn_head,45,17,L45H17,0.9,0.8,-0.09999999999999998,0.09999999999999998,0.0,0.8,0.8,-0.8,AAAAA--AAA
7,960,attn_head,45,6,L45H6,0.9,0.9,0.0,-0.0,0.1,0.9,1.0,-0.8,ABAAAAAAAA
7,960,attn_head,45,10,L45H10,0.9,0.8,-0.09999999999999998,0.09999999999999998,0.0,0.8,0.8,-0.8,-AAA-AAAAA
7,960,attn_head,36,37,L36H37,0.9,0.8,-0.09999999999999998,0.09999999999999998,0.0,0.8,0.8,-0.8,AAA-AA-AAA
7,960,attn_head,37,1,L37H1,0.9,0.9,0.0,-0.0,0.1,0.9,1.0,-0.8,AABAAAAAAA
7,960,attn_head,35,18,L35H18,0.9,0.8,-0.09999999999999998,0.09999999999999998,0.0,0.8,0.8,-0.8,AAAAAA-A-A
7,960,attn_head,35,5,L35H5,0.9,0.8,-0.09999999999999998,0.09999999999999998,0.0,0.8,0.8,-0.8,AAAAA-AA-A
7,960,attn_head,35,8,L35H8,0.9,0.8,-0.09999999999999998,0.09999999999999998,0.0,0.8,0.8,-0.8,AAAAA--AAA
7,960,attn_head,34,37,L34H37,0.9,0.8,-0.09999999999999998,0.09999999999999998,0.0,0.8,0.8,-0.8,AAAAAAAA--
7,960,attn_head,35,0,L35H0,0.9,0.8,-0.09999999999999998,0.09999999999999998,0.0,0.8,0.8,-0.8,A--AAAAAAA
7,960,attn_head,34,27,L34H27,0.9,0.8,-0.09999999999999998,0.09999999999999998,0.0,0.8,0.8,-0.8,AAAAA--AAA
7,960,attn_head,34,28,L34H28,0.9,0.8,-0.09999999999999998,0.09999999999999998,0.0,0.8,0.8,-0.8,-AAAAA-AAA
7,960,attn_head,34,31,L34H31,0.9,0.8,-0.09999999999999998,0.09999999999999998,0.0,0.8,0.8,-0.8,AAA--AAAAA
7,960,attn_head,34,32,L34H32,0.9,0.8,-0.09999999999999998,0.09999999999999998,0.0,0.8,0.8,-0.8,AA--AAAAAA
7,960,attn_head,34,33,L34H33,0.9,0.9,0.0,-0.0,0.1,0.9,1.0,-0.8,ABAAAAAAAA
7,960,attn_head,36,5,L36H5,0.9,0.8,-0.09999999999999998,0.09999999999999998,0.0,0.8,0.8,-0.8,AAAAA-AA-A
7,960,attn_head,36,6,L36H6,0.9,0.8,-0.09999999999999998,0.09999999999999998,0.0,0.8,0.8,-0.8,A-AAAAAAA-
7,960,attn_head,36,8,L36H8,0.9,0.8,-0.09999999999999998,0.09999999999999998,0.0,0.8,0.8,-0.8,AAAAA-A-AA
7,960,attn_head,35,38,L35H38,0.9,0.8,-0.09999999999999998,0.09999999999999998,0.0,0.8,0.8,-0.8,AAAAAA-A-A
7,960,attn_head,35,39,L35H39,0.9,0.8,-0.09999999999999998,0.09999999999999998,0.0,0.8,0.8,-0.8,-A-AAAAAAA
7,960,attn_head,43,3,L43H3,0.9,0.8,-0.09999999999999998,0.09999999999999998,0.0,0.8,0.8,-0.8,AAAA-AAA-A
7,960,attn_head,43,9,L43H9,0.9,0.8,-0.09999999999999998,0.09999999999999998,0.0,0.8,0.8,-0.8,AAA-A-AAAA
7,960,attn_head,42,37,L42H37,0.9,0.8,-0.09999999999999998,0.09999999999999998,0.0,0.8,0.8,-0.8,AAAAAAA--A
7,960,attn_head,43,0,L43H0,0.9,0.8,-0.09999999999999998,0.09999999999999998,0.0,0.8,0.8,-0.8,AAAAA-A-AA
7,960,attn_head,42,31,L42H31,0.9,0.8,-0.09999999999999998,0.09999999999999998,0.0,0.8,0.8,-0.8,AAAAA-A-AA
7,960,attn_head,40,8,L40H8,0.9,0.8,-0.09999999999999998,0.09999999999999998,0.0,0.8,0.8,-0.8,AAAAAA-AA-
7,960,attn_head,40,9,L40H9,0.9,0.8,-0.09999999999999998,0.09999999999999998,0.0,0.8,0.8,-0.8,-AAAA-AAAA
7,960,attn_head,39,36,L39H36,0.9,0.8,-0.09999999999999998,0.09999999999999998,0.0,0.8,0.8,-0.8,AA-AAAAA-A
7,960,attn_head,39,37,L39H37,0.9,0.8,-0.09999999999999998,0.09999999999999998,0.0,0.8,0.8,-0.8,A-AAAAAA-A
7,960,attn_head,39,38,L39H38,0.9,0.8,-0.09999999999999998,0.09999999999999998,0.0,0.8,0.8,-0.8,A--AAAAAAA
7,960,attn_head,39,39,L39H39,0.9,0.8,-0.09999999999999998,0.09999999999999998,0.0,0.8,0.8,-0.8,-A-AAAAAAA
7,960,attn_head,39,32,L39H32,0.9,0.8,-0.09999999999999998,0.09999999999999998,0.0,0.8,0.8,-0.8,AAA-AAAAA-
7,960,attn_head,39,20,L39H20,0.9,0.8,-0.09999999999999998,0.09999999999999998,0.0,0.8,0.8,-0.8,A-AAAAAA-A
7,960,attn_head,39,23,L39H23,0.9,0.9,0.0,-0.0,0.1,0.9,1.0,-0.8,BAAAAAAAAA
7,960,attn_head,42,19,L42H19,0.9,0.8,-0.09999999999999998,0.09999999999999998,0.0,0.8,0.8,-0.8,AAAA-A-AAA
7,960,attn_head,42,24,L42H24,0.9,0.9,0.0,-0.0,0.1,0.9,1.0,-0.8,AABAAAAAAA
7,960,attn_head,42,11,L42H11,0.9,0.8,-0.09999999999999998,0.09999999999999998,0.0,0.8,0.8,-0.8,AAAAAAA--A
7,960,attn_head,42,12,L42H12,0.9,0.8,-0.09999999999999998,0.09999999999999998,0.0,0.8,0.8,-0.8,AAAAA--AAA
7,960,attn_head,42,13,L42H13,0.9,0.8,-0.09999999999999998,0.09999999999999998,0.0,0.8,0.8,-0.8,AA-AAAAA-A
7,960,attn_head,42,14,L42H14,0.9,0.8,-0.09999999999999998,0.09999999999999998,0.0,0.8,0.8,-0.8,A-AAAAAA-A
7,960,attn_head,42,16,L42H16,0.9,0.9,0.0,-0.0,0.1,0.9,1.0,-0.8,ABAAAAAAAA
7,960,attn_head,42,17,L42H17,0.9,0.8,-0.09999999999999998,0.09999999999999998,0.0,0.8,0.8,-0.8,AAAAA-A-AA
7,960,attn_head,42,10,L42H10,0.9,0.8,-0.09999999999999998,0.09999999999999998,0.0,0.8,0.8,-0.8,-AAAAAAA-A
7,960,attn_head,41,35,L41H35,0.9,0.9,0.0,-0.0,0.1,0.9,1.0,-0.8,AAAAAAAABA
7,960,attn_head,42,0,L42H0,0.9,0.8,-0.09999999999999998,0.09999999999999998,0.0,0.8,0.8,-0.8,-AA-AAAAAA
7,960,attn_head,42,2,L42H2,0.9,0.8,-0.09999999999999998,0.09999999999999998,0.0,0.8,0.8,-0.8,AAA-AA-AAA
7,960,attn_head,40,36,L40H36,0.9,0.8,-0.09999999999999998,0.09999999999999998,0.0,0.8,0.8,-0.8,-AAAAA-AAA
7,960,attn_head,41,0,L41H0,0.9,0.8,-0.09999999999999998,0.09999999999999998,0.0,0.8,0.8,-0.8,AAAAAAA-A-
7,960,attn_head,40,29,L40H29,0.9,0.8,-0.09999999999999998,0.09999999999999998,0.0,0.8,0.8,-0.8,AAA-AAAA-A
7,960,attn_head,40,30,L40H30,0.9,0.8,-0.09999999999999998,0.09999999999999998,0.0,0.8,0.8,-0.8,AAAAAA-AA-
7,960,attn_head,40,31,L40H31,0.9,0.8,-0.09999999999999998,0.09999999999999998,0.0,0.8,0.8,-0.8,-AAA-AAAAA
7,960,attn_head,40,20,L40H20,0.9,0.8,-0.09999999999999998,0.09999999999999998,0.0,0.8,0.8,-0.8,AAAAA-AAA-
7,960,attn_head,34,7,L34H7,0.9,0.8,-0.09999999999999998,0.09999999999999998,0.0,0.8,0.8,-0.8,AAA--AAAAA
7,960,attn_head,33,36,L33H36,0.9,0.9,0.0,-0.0,0.1,0.9,1.0,-0.8,AAAAABAAAA
7,960,attn_head,33,37,L33H37,0.9,0.8,-0.09999999999999998,0.09999999999999998,0.0,0.8,0.8,-0.8,AAA-AA-AAA
7,960,attn_head,33,38,L33H38,0.9,0.8,-0.09999999999999998,0.09999999999999998,0.0,0.8,0.8,-0.8,AAA-AAAA-A
7,960,attn_head,33,39,L33H39,0.9,0.8,-0.09999999999999998,0.09999999999999998,0.0,0.8,0.8,-0.8,AAAAA-AAA-
7,960,attn_head,46,22,L46H22,0.9,0.8,-0.09999999999999998,0.09999999999999998,0.0,0.8,0.8,-0.8,-AAAA-AAAA
7,960,attn_head,46,23,L46H23,0.9,0.8,-0.09999999999999998,0.09999999999999998,0.0,0.8,0.8,-0.8,AAA-AA-AAA
7,960,attn_head,46,24,L46H24,0.9,0.8,-0.09999999999999998,0.09999999999999998,0.0,0.8,0.8,-0.8,AAAAA-AA-A
7,960,attn_head,46,25,L46H25,0.9,0.8,-0.09999999999999998,0.09999999999999998,0.0,0.8,0.8,-0.8,AAAAAAA-A-
7,960,attn_head,46,26,L46H26,0.9,0.8,-0.09999999999999998,0.09999999999999998,0.0,0.8,0.8,-0.8,-A-AAAAAAA
7,960,attn_head,46,12,L46H12,0.9,0.8,-0.09999999999999998,0.09999999999999998,0.0,0.8,0.8,-0.8,AA-A-AAAAA
7,960,attn_head,46,16,L46H16,0.9,0.8,-0.09999999999999998,0.09999999999999998,0.0,0.8,0.8,-0.8,AA-AA-AAAA
7,960,attn_head,46,4,L46H4,0.9,0.8,-0.09999999999999998,0.09999999999999998,0.0,0.8,0.8,-0.8,-AAA-AAAAA
7,960,attn_head,46,6,L46H6,0.9,0.8,-0.09999999999999998,0.09999999999999998,0.0,0.8,0.8,-0.8,AAAAA-AAA-
7,960,attn_head,46,7,L46H7,0.9,0.8,-0.09999999999999998,0.09999999999999998,0.0,0.8,0.8,-0.8,AAAAA-AA-A
7,960,attn_head,46,8,L46H8,0.9,0.8,-0.09999999999999998,0.09999999999999998,0.0,0.8,0.8,-0.8,A--AAAAAAA
7,960,attn_head,46,9,L46H9,0.9,0.8,-0.09999999999999998,0.09999999999999998,0.0,0.8,0.8,-0.8,AA-AAAA-AA
7,960,attn_head,46,10,L46H10,0.9,0.8,-0.09999999999999998,0.09999999999999998,0.0,0.8,0.8,-0.8,AAA-AAAAA-
7,960,attn_head,45,35,L45H35,0.9,0.8,-0.09999999999999998,0.09999999999999998,0.0,0.8,0.8,-0.8,AAAAAAAA--
7,960,attn_head,33,30,L33H30,0.9,0.8,-0.09999999999999998,0.09999999999999998,0.0,0.8,0.8,-0.8,AAAAAAA--A
7,960,attn_head,33,32,L33H32,0.9,0.9,0.0,-0.0,0.1,0.9,1.0,-0.8,AAAABAAAAA
7,960,attn_head,33,24,L33H24,0.9,0.8,-0.09999999999999998,0.09999999999999998,0.0,0.8,0.8,-0.8,AAA-A-AAAA
7,960,attn_head,33,15,L33H15,0.9,0.8,-0.09999999999999998,0.09999999999999998,0.0,0.8,0.8,-0.8,AAAAAAAA--
7,960,attn_head,33,16,L33H16,0.9,0.8,-0.09999999999999998,0.09999999999999998,0.0,0.8,0.8,-0.8,A-AAAA-AAA
7,960,attn_head,33,18,L33H18,0.9,0.8,-0.09999999999999998,0.09999999999999998,0.0,0.8,0.8,-0.8,AAA-A-AAAA
7,960,attn_head,33,4,L33H4,0.9,0.8,-0.09999999999999998,0.09999999999999998,0.0,0.8,0.8,-0.8,AAAAA-AAA-
7,960,attn_head,33,5,L33H5,0.9,0.8,-0.09999999999999998,0.09999999999999998,0.0,0.8,0.8,-0.8,AAAAA-AAA-
7,960,attn_head,34,19,L34H19,0.9,0.8,-0.09999999999999998,0.09999999999999998,0.0,0.8,0.8,-0.8,A-AAAAA-AA
7,960,attn_head,34,23,L34H23,0.9,0.8,-0.09999999999999998,0.09999999999999998,0.0,0.8,0.8,-0.8,AAAAA-AAA-
7,960,attn_head,34,24,L34H24,0.9,0.8,-0.09999999999999998,0.09999999999999998,0.0,0.8,0.8,-0.8,AAAAAAA--A
7,960,attn_head,34,25,L34H25,0.9,0.8,-0.09999999999999998,0.09999999999999998,0.0,0.8,0.8,-0.8,AAA-A-AAAA
7,960,attn_head,34,11,L34H11,0.9,0.8,-0.09999999999999998,0.09999999999999998,0.0,0.8,0.8,-0.8,-AA-AAAAAA
7,960,attn_head,34,13,L34H13,0.9,0.8,-0.09999999999999998,0.09999999999999998,0.0,0.8,0.8,-0.8,A-A-AAAAAA
7,960,attn_head,34,14,L34H14,0.9,0.8,-0.09999999999999998,0.09999999999999998,0.0,0.8,0.8,-0.8,AAAAAA-AA-
7,960,attn_head,34,16,L34H16,0.9,0.8,-0.09999999999999998,0.09999999999999998,0.0,0.8,0.8,-0.8,A-AAAAA-AA
7,960,attn_head,34,17,L34H17,0.9,0.8,-0.09999999999999998,0.09999999999999998,0.0,0.8,0.8,-0.8,-AAAAA-AAA
7,960,attn_head,40,18,L40H18,0.9,0.8,-0.09999999999999998,0.09999999999999998,0.0,0.8,0.8,-0.8,AAA-AAAA-A
7,960,attn_head,41,29,L41H29,0.9,0.8,-0.09999999999999998,0.09999999999999998,0.0,0.8,0.8,-0.8,-AA-AAAAAA
7,960,attn_head,41,30,L41H30,0.9,0.8,-0.09999999999999998,0.09999999999999998,0.0,0.8,0.8,-0.8,AAAA-AA-AA
7,960,attn_head,41,19,L41H19,0.9,0.8,-0.09999999999999998,0.09999999999999998,0.0,0.8,0.8,-0.8,AAA--AAAAA
7,960,attn_head,41,20,L41H20,0.9,0.8,-0.09999999999999998,0.09999999999999998,0.0,0.8,0.8,-0.8,AAAAA--AAA
7,960,attn_head,41,26,L41H26,0.9,0.8,-0.09999999999999998,0.09999999999999998,0.0,0.8,0.8,-0.8,A-AAAAA-AA
7,960,attn_head,41,15,L41H15,0.9,0.8,-0.09999999999999998,0.09999999999999998,0.0,0.8,0.8,-0.8,-AAAAAA-AA
7,960,attn_head,41,17,L41H17,0.9,0.8,-0.09999999999999998,0.09999999999999998,0.0,0.8,0.8,-0.8,-AAA-AAAAA
7,960,attn_head,41,18,L41H18,0.9,0.8,-0.09999999999999998,0.09999999999999998,0.0,0.8,0.8,-0.8,AAA-AA-AAA
7,960,mlp,39,-1,L39_MLP,0.9,0.8,-0.09999999999999998,0.09999999999999998,0.0,0.8,0.8,-0.8,AA-AAAA-AA
7,960,attn_head,32,17,L32H17,0.9,0.8,-0.09999999999999998,0.09999999999999998,0.0,0.8,0.8,-0.8,-AAAAAAAA-
7,960,attn_head,32,18,L32H18,0.9,0.8,-0.09999999999999998,0.09999999999999998,0.0,0.8,0.8,-0.8,A-AAAAA-AA
7,960,attn_head,32,1,L32H1,0.9,0.9,0.0,-0.0,0.0,0.9,0.9,-0.9,AAA-AAAAAA
7,960,attn_head,32,15,L32H15,0.9,0.9,0.0,-0.0,0.0,0.9,0.9,-0.9,AAA-AAAAAA
7,960,attn_head,32,16,L32H16,0.9,0.9,0.0,-0.0,0.0,0.9,0.9,-0.9,AAAAAA-AAA
7,960,attn_head,32,20,L32H20,0.9,0.9,0.0,-0.0,0.0,0.9,0.9,-0.9,AAAAA-AAAA
7,960,attn_head,32,24,L32H24,0.9,0.9,0.0,-0.0,0.0,0.9,0.9,-0.9,AAAAAAA-AA
7,960,attn_head,32,25,L32H25,0.9,0.9,0.0,-0.0,0.0,0.9,0.9,-0.9,AAAA-AAAAA
7,960,attn_head,32,3,L32H3,0.9,0.9,0.0,-0.0,0.0,0.9,0.9,-0.9,AAAAAAAAA-
7,960,mlp,44,-1,L44_MLP,0.9,0.9,0.0,-0.0,0.0,0.9,0.9,-0.9,A-AAAAAAAA
7,960,attn_head,46,0,L46H0,0.9,0.9,0.0,-0.0,0.0,0.9,0.9,-0.9,AAAAAAAA-A
7,960,attn_head,46,2,L46H2,0.9,0.9,0.0,-0.0,0.0,0.9,0.9,-0.9,AAAAAA-AAA
7,960,attn_head,46,3,L46H3,0.9,0.9,0.0,-0.0,0.0,0.9,0.9,-0.9,-AAAAAAAAA
7,960,attn_head,46,5,L46H5,0.9,0.9,0.0,-0.0,0.0,0.9,0.9,-0.9,AAAAAAAA-A
7,960,attn_head,46,11,L46H11,0.9,0.9,0.0,-0.0,0.0,0.9,0.9,-0.9,AAAAAAAAA-
7,960,attn_head,46,18,L46H18,0.9,0.9,0.0,-0.0,0.0,0.9,0.9,-0.9,AAA-AAAAAA
7,960,attn_head,33,35,L33H35,0.9,0.9,0.0,-0.0,0.0,0.9,0.9,-0.9,AAAAA-AAAA
7,960,attn_head,35,4,L35H4,0.9,0.9,0.0,-0.0,0.0,0.9,0.9,-0.9,AAAAAAA-AA
7,960,attn_head,35,10,L35H10,0.9,0.9,0.0,-0.0,0.0,0.9,0.9,-0.9,AAAAAAAA-A
7,960,attn_head,35,12,L35H12,0.9,0.9,0.0,-0.0,0.0,0.9,0.9,-0.9,AAAAAAA-AA
7,960,attn_head,35,13,L35H13,0.9,0.9,0.0,-0.0,0.0,0.9,0.9,-0.9,AA-AAAAAAA
7,960,attn_head,35,14,L35H14,0.9,0.9,0.0,-0.0,0.0,0.9,0.9,-0.9,AAAAA-AAAA
7,960,attn_head,35,15,L35H15,0.9,0.9,0.0,-0.0,0.0,0.9,0.9,-0.9,AAAAAAAAA-
7,960,attn_head,35,16,L35H16,0.9,0.9,0.0,-0.0,0.0,0.9,0.9,-0.9,A-AAAAAAAA
7,960,attn_head,35,35,L35H35,0.9,0.9,0.0,-0.0,0.0,0.9,0.9,-0.9,A-AAAAAAAA
7,960,attn_head,35,37,L35H37,0.9,0.9,0.0,-0.0,0.0,0.9,0.9,-0.9,AAAAAAAA-A
7,960,attn_head,36,3,L36H3,0.9,0.9,0.0,-0.0,0.0,0.9,0.9,-0.9,AAAAAAAAA-
7,960,attn_head,34,29,L34H29,0.9,0.9,0.0,-0.0,0.0,0.9,0.9,-0.9,-AAAAAAAAA
7,960,attn_head,34,39,L34H39,0.9,0.9,0.0,-0.0,0.0,0.9,0.9,-0.9,AAAAAAAA-A
7,960,attn_head,35,3,L35H3,0.9,0.9,0.0,-0.0,0.0,0.9,0.9,-0.9,AAA-AAAAAA
7,960,attn_head,35,25,L35H25,0.9,0.9,0.0,-0.0,0.0,0.9,0.9,-0.9,AAA-AAAAAA
7,960,attn_head,35,30,L35H30,0.9,0.9,0.0,-0.0,0.0,0.9,0.9,-0.9,AAAAAA-AAA
7,960,attn_head,35,31,L35H31,0.9,0.9,0.0,-0.0,0.0,0.9,0.9,-0.9,AAAAAAAA-A
7,960,attn_head,35,32,L35H32,0.9,0.9,0.0,-0.0,0.0,0.9,0.9,-0.9,AAAAA-AAAA
7,960,attn_head,39,21,L39H21,0.9,0.9,0.0,-0.0,0.0,0.9,0.9,-0.9,A-AAAAAAAA
7,960,attn_head,39,22,L39H22,0.9,0.9,0.0,-0.0,0.0,0.9,0.9,-0.9,-AAAAAAAAA
7,960,attn_head,39,25,L39H25,0.9,0.9,0.0,-0.0,0.0,0.9,0.9,-0.9,-AAAAAAAAA
7,960,attn_head,39,27,L39H27,0.9,0.9,0.0,-0.0,0.0,0.9,0.9,-0.9,AAAAAAA-AA
7,960,attn_head,39,29,L39H29,0.9,0.9,0.0,-0.0,0.0,0.9,0.9,-0.9,AAAAAAAAA-
7,960,attn_head,39,35,L39H35,0.9,0.9,0.0,-0.0,0.0,0.9,0.9,-0.9,AAAA-AAAAA
7,960,attn_head,42,6,L42H6,0.9,0.9,0.0,-0.0,0.0,0.9,0.9,-0.9,AAAA-AAAAA
7,960,attn_head,42,8,L42H8,0.9,0.9,0.0,-0.0,0.0,0.9,0.9,-0.9,AAAAAAAA-A
7,960,attn_head,42,20,L42H20,0.9,0.9,0.0,-0.0,0.0,0.9,0.9,-0.9,AAAAAAAA-A
7,960,attn_head,42,26,L42H26,0.9,0.9,0.0,-0.0,0.0,0.9,0.9,-0.9,AAA-AAAAAA
7,960,attn_head,39,19,L39H19,0.9,0.9,0.0,-0.0,0.0,0.9,0.9,-0.9,AAAA-AAAAA
7,960,attn_head,40,39,L40H39,0.9,0.9,0.0,-0.0,0.0,0.9,0.9,-0.9,AAAAAAAAA-
7,960,attn_head,41,2,L41H2,0.9,0.9,0.0,-0.0,0.0,0.9,0.9,-0.9,AAAAAAAA-A
7,960,attn_head,41,37,L41H37,0.9,0.9,0.0,-0.0,0.0,0.9,0.9,-0.9,AAAA-AAAAA
7,960,attn_head,41,39,L41H39,0.9,0.9,0.0,-0.0,0.0,0.9,0.9,-0.9,AAAA-AAAAA
7,960,attn_head,42,1,L42H1,0.9,0.9,0.0,-0.0,0.0,0.9,0.9,-0.9,AAAAA-AAAA
7,960,attn_head,42,4,L42H4,0.9,0.9,0.0,-0.0,0.0,0.9,0.9,-0.9,AA-AAAAAAA
7,960,attn_head,42,5,L42H5,0.9,0.9,0.0,-0.0,0.0,0.9,0.9,-0.9,AAAAAAAAA-
7,960,attn_head,40,19,L40H19,0.9,0.9,0.0,-0.0,0.0,0.9,0.9,-0.9,AA-AAAAAAA
7,960,attn_head,40,26,L40H26,0.9,0.9,0.0,-0.0,0.0,0.9,0.9,-0.9,A-AAAAAAAA
7,960,attn_head,40,28,L40H28,0.9,0.9,0.0,-0.0,0.0,0.9,0.9,-0.9,-AAAAAAAAA
7,960,attn_head,40,35,L40H35,0.9,0.9,0.0,-0.0,0.0,0.9,0.9,-0.9,AAAA-AAAAA
7,960,attn_head,38,31,L38H31,0.9,0.9,0.0,-0.0,0.0,0.9,0.9,-0.9,AAAAAAAAA-
7,960,attn_head,38,36,L38H36,0.9,0.9,0.0,-0.0,0.0,0.9,0.9,-0.9,A-AAAAAAAA
7,960,attn_head,38,37,L38H37,0.9,0.9,0.0,-0.0,0.0,0.9,0.9,-0.9,AAA-AAAAAA
7,960,attn_head,38,38,L38H38,0.9,0.9,0.0,-0.0,0.0,0.9,0.9,-0.9,AAA-AAAAAA
7,960,attn_head,43,12,L43H12,0.9,0.9,0.0,-0.0,0.0,0.9,0.9,-0.9,AAAAA-AAAA
7,960,attn_head,43,13,L43H13,0.9,0.9,0.0,-0.0,0.0,0.9,0.9,-0.9,AAAAAA-AAA
7,960,attn_head,43,14,L43H14,0.9,0.9,0.0,-0.0,0.0,0.9,0.9,-0.9,A-AAAAAAAA
7,960,attn_head,38,27,L38H27,0.9,0.9,0.0,-0.0,0.0,0.9,0.9,-0.9,-AAAAAAAAA
7,960,attn_head,38,28,L38H28,0.9,0.9,0.0,-0.0,0.0,0.9,0.9,-0.9,A-AAAAAAAA
7,960,attn_head,38,29,L38H29,0.9,0.9,0.0,-0.0,0.0,0.9,0.9,-0.9,AAAAAAA-AA
7,960,attn_head,38,30,L38H30,0.9,0.9,0.0,-0.0,0.0,0.9,0.9,-0.9,AAAAAAA-AA
7,960,attn_head,42,39,L42H39,0.9,0.9,0.0,-0.0,0.0,0.9,0.9,-0.9,AAAAAAAAA-
7,960,attn_head,43,2,L43H2,0.9,0.9,0.0,-0.0,0.0,0.9,0.9,-0.9,AAAAA-AAAA
7,960,attn_head,43,5,L43H5,0.9,0.9,0.0,-0.0,0.0,0.9,0.9,-0.9,AAAAAA-AAA
7,960,attn_head,43,6,L43H6,0.9,0.9,0.0,-0.0,0.0,0.9,0.9,-0.9,AAAAAA-AAA
7,960,attn_head,40,2,L40H2,0.9,0.9,0.0,-0.0,0.0,0.9,0.9,-0.9,AAAAAA-AAA
7,960,attn_head,40,3,L40H3,0.9,0.9,0.0,-0.0,0.0,0.9,0.9,-0.9,AAAAAAAAA-
7,960,attn_head,40,6,L40H6,0.9,0.9,0.0,-0.0,0.0,0.9,0.9,-0.9,AAAAAAAAA-
7,960,attn_head,42,30,L42H30,0.9,0.9,0.0,-0.0,0.0,0.9,0.9,-0.9,AAAAAAA-AA
7,960,attn_head,42,32,L42H32,0.9,0.9,0.0,-0.0,0.0,0.9,0.9,-0.9,AAAAAAAA-A
7,960,attn_head,42,34,L42H34,0.9,0.9,0.0,-0.0,0.0,0.9,0.9,-0.9,AAA-AAAAAA
7,960,attn_head,42,38,L42H38,0.9,0.9,0.0,-0.0,0.0,0.9,0.9,-0.9,AAAAAAA-AA
7,960,attn_head,38,4,L38H4,0.9,0.9,0.0,-0.0,0.0,0.9,0.9,-0.9,AAAAAA-AAA
7,960,attn_head,38,5,L38H5,0.9,0.9,0.0,-0.0,0.0,0.9,0.9,-0.9,AAA-AAAAAA
7,960,attn_head,38,6,L38H6,0.9,0.9,0.0,-0.0,0.0,0.9,0.9,-0.9,AAAAA-AAAA
7,960,attn_head,38,7,L38H7,0.9,0.9,0.0,-0.0,0.0,0.9,0.9,-0.9,AAA-AAAAAA
7,960,attn_head,38,11,L38H11,0.9,0.9,0.0,-0.0,0.0,0.9,0.9,-0.9,A-AAAAAAAA
7,960,attn_head,38,16,L38H16,0.9,0.9,0.0,-0.0,0.0,0.9,0.9,-0.9,AAAAAAA-AA
7,960,attn_head,44,0,L44H0,0.9,0.9,0.0,-0.0,0.0,0.9,0.9,-0.9,-AAAAAAAAA
7,960,attn_head,44,4,L44H4,0.9,0.9,0.0,-0.0,0.0,0.9,0.9,-0.9,AAAAAAAA-A
7,960,attn_head,44,6,L44H6,0.9,0.9,0.0,-0.0,0.0,0.9,0.9,-0.9,AAAAAAA-AA
7,960,attn_head,44,8,L44H8,0.9,0.9,0.0,-0.0,0.0,0.9,0.9,-0.9,AAAA-AAAAA
7,960,attn_head,38,3,L38H3,0.9,0.9,0.0,-0.0,0.0,0.9,0.9,-0.9,AAAAAAAAA-
7,960,attn_head,43,26,L43H26,0.9,0.9,0.0,-0.0,0.0,0.9,0.9,-0.9,AAAAAAAA-A
7,960,attn_head,43,28,L43H28,0.9,0.9,0.0,-0.0,0.0,0.9,0.9,-0.9,-AAAAAAAAA
7,960,attn_head,43,29,L43H29,0.9,0.9,0.0,-0.0,0.0,0.9,0.9,-0.9,A-AAAAAAAA
7,960,attn_head,43,31,L43H31,0.9,0.9,0.0,-0.0,0.0,0.9,0.9,-0.9,AAAAAAA-AA
7,960,attn_head,43,33,L43H33,0.9,0.9,0.0,-0.0,0.0,0.9,0.9,-0.9,AAAAAAA-AA
7,960,attn_head,43,36,L43H36,0.9,0.9,0.0,-0.0,0.0,0.9,0.9,-0.9,A-AAAAAAAA
7,960,attn_head,39,13,L39H13,0.9,0.9,0.0,-0.0,0.0,0.9,0.9,-0.9,AAAAAA-AAA
7,960,attn_head,39,14,L39H14,0.9,0.9,0.0,-0.0,0.0,0.9,0.9,-0.9,AA-AAAAAAA
7,960,attn_head,39,16,L39H16,0.9,0.9,0.0,-0.0,0.0,0.9,0.9,-0.9,-AAAAAAAAA
7,960,attn_head,39,18,L39H18,0.9,0.9,0.0,-0.0,0.0,0.9,0.9,-0.9,A-AAAAAAAA
7,960,attn_head,43,19,L43H19,0.9,0.9,0.0,-0.0,0.0,0.9,0.9,-0.9,AAAAAA-AAA
7,960,attn_head,43,25,L43H25,0.9,0.9,0.0,-0.0,0.0,0.9,0.9,-0.9,-AAAAAAAAA
7,960,attn_head,45,28,L45H28,0.9,0.9,0.0,-0.0,0.0,0.9,0.9,-0.9,AAA-AAAAAA
7,960,attn_head,45,29,L45H29,0.9,0.9,0.0,-0.0,0.0,0.9,0.9,-0.9,AA-AAAAAAA
7,960,attn_head,45,31,L45H31,0.9,0.9,0.0,-0.0,0.0,0.9,0.9,-0.9,AA-AAAAAAA
7,960,attn_head,45,33,L45H33,0.9,0.9,0.0,-0.0,0.0,0.9,0.9,-0.9,AAAAAA-AAA
7,960,attn_head,45,34,L45H34,0.9,0.9,0.0,-0.0,0.0,0.9,0.9,-0.9,A-AAAAAAAA
7,960,attn_head,35,20,L35H20,0.9,0.9,0.0,-0.0,0.0,0.9,0.9,-0.9,A-AAAAAAAA
7,960,attn_head,45,4,L45H4,0.9,0.9,0.0,-0.0,0.0,0.9,0.9,-0.9,AAAA-AAAAA
7,960,attn_head,45,11,L45H11,0.9,0.9,0.0,-0.0,0.0,0.9,0.9,-0.9,AAAAA-AAAA
7,960,attn_head,45,13,L45H13,0.9,0.9,0.0,-0.0,0.0,0.9,0.9,-0.9,AAA-AAAAAA
7,960,attn_head,45,16,L45H16,0.9,0.9,0.0,-0.0,0.0,0.9,0.9,-0.9,AAAA-AAAAA
7,960,attn_head,45,22,L45H22,0.9,0.9,0.0,-0.0,0.0,0.9,0.9,-0.9,AAAAA-AAAA
7,960,attn_head,36,29,L36H29,0.9,0.9,0.0,-0.0,0.0,0.9,0.9,-0.9,AA-AAAAAAA
7,960,attn_head,36,30,L36H30,0.9,0.9,0.0,-0.0,0.0,0.9,0.9,-0.9,AAAAAA-AAA
7,960,attn_head,36,35,L36H35,0.9,0.9,0.0,-0.0,0.0,0.9,0.9,-0.9,AAA-AAAAAA
7,960,attn_head,45,3,L45H3,0.9,0.9,0.0,-0.0,0.0,0.9,0.9,-0.9,AAAAAAAA-A
7,960,attn_head,36,17,L36H17,0.9,0.9,0.0,-0.0,0.0,0.9,0.9,-0.9,AAAAAAA-AA
7,960,attn_head,36,19,L36H19,0.9,0.9,0.0,-0.0,0.0,0.9,0.9,-0.9,AAAAAAAAA-
7,960,attn_head,36,20,L36H20,0.9,0.9,0.0,-0.0,0.0,0.9,0.9,-0.9,AAA-AAAAAA
7,960,attn_head,36,22,L36H22,0.9,0.9,0.0,-0.0,0.0,0.9,0.9,-0.9,-AAAAAAAAA
7,960,attn_head,36,23,L36H23,0.9,0.9,0.0,-0.0,0.0,0.9,0.9,-0.9,AAAAA-AAAA
7,960,attn_head,37,20,L37H20,0.9,0.9,0.0,-0.0,0.0,0.9,0.9,-0.9,-AAAAAAAAA
7,960,attn_head,37,23,L37H23,0.9,0.9,0.0,-0.0,0.0,0.9,0.9,-0.9,AA-AAAAAAA
7,960,attn_head,44,37,L44H37,0.9,0.9,0.0,-0.0,0.0,0.9,0.9,-0.9,A-AAAAAAAA
7,960,attn_head,44,38,L44H38,0.9,0.9,0.0,-0.0,0.0,0.9,0.9,-0.9,AAAA-AAAAA
7,960,attn_head,44,39,L44H39,0.9,0.9,0.0,-0.0,0.0,0.9,0.9,-0.9,AAAAA-AAAA
7,960,attn_head,45,1,L45H1,0.9,0.9,0.0,-0.0,0.0,0.9,0.9,-0.9,AAAAAAA-AA
7,960,attn_head,37,9,L37H9,0.9,0.9,0.0,-0.0,0.0,0.9,0.9,-0.9,AAAAAA-AAA
7,960,attn_head,44,19,L44H19,0.9,0.9,0.0,-0.0,0.0,0.9,0.9,-0.9,AAAAA-AAAA
7,960,attn_head,44,31,L44H31,0.9,0.9,0.0,-0.0,0.0,0.9,0.9,-0.9,-AAAAAAAAA
7,960,attn_head,44,33,L44H33,0.9,0.9,0.0,-0.0,0.0,0.9,0.9,-0.9,AAA-AAAAAA
7,960,attn_head,38,19,L38H19,0.9,0.9,0.0,-0.0,0.0,0.9,0.9,-0.9,-AAAAAAAAA
7,960,attn_head,38,20,L38H20,0.9,0.9,0.0,-0.0,0.0,0.9,0.9,-0.9,AAAAAAAA-A
7,960,attn_head,44,11,L44H11,0.9,0.9,0.0,-0.0,0.0,0.9,0.9,-0.9,AAA-AAAAAA
7,960,attn_head,47,6,L47H6,0.9,0.9,0.0,-0.0,0.0,0.9,0.9,-0.9,AAAAAAAAA-
7,960,attn_head,47,8,L47H8,0.9,0.9,0.0,-0.0,0.0,0.9,0.9,-0.9,AAAAAAAA-A
7,960,attn_head,47,11,L47H11,0.9,0.9,0.0,-0.0,0.0,0.9,0.9,-0.9,AAA-AAAAAA
7,960,attn_head,47,14,L47H14,0.9,0.9,0.0,-0.0,0.0,0.9,0.9,-0.9,-AAAAAAAAA
7,960,attn_head,47,15,L47H15,0.9,0.9,0.0,-0.0,0.0,0.9,0.9,-0.9,AA-AAAAAAA
7,960,attn_head,33,34,L33H34,0.9,0.9,0.0,-0.0,0.0,0.9,0.9,-0.9,AAAAAAAAA-
7,960,attn_head,46,32,L46H32,0.9,0.9,0.0,-0.0,0.0,0.9,0.9,-0.9,AAAAAAAA-A
7,960,attn_head,46,33,L46H33,0.9,0.9,0.0,-0.0,0.0,0.9,0.9,-0.9,AAAA-AAAAA
7,960,attn_head,46,39,L46H39,0.9,0.9,0.0,-0.0,0.0,0.9,0.9,-0.9,AAAAAA-AAA
7,960,attn_head,47,2,L47H2,0.9,0.9,0.0,-0.0,0.0,0.9,0.9,-0.9,AAAAAAAA-A
7,960,attn_head,34,21,L34H21,0.9,0.9,0.0,-0.0,0.0,0.9,0.9,-0.9,AAAAAAAA-A
7,960,attn_head,33,3,L33H3,0.9,0.9,0.0,-0.0,0.0,0.9,0.9,-0.9,AAAA-AAAAA
7,960,attn_head,33,14,L33H14,0.9,0.9,0.0,-0.0,0.0,0.9,0.9,-0.9,AAAAAAAAA-
7,960,attn_head,33,20,L33H20,0.9,0.9,0.0,-0.0,0.0,0.9,0.9,-0.9,A-AAAAAAAA
7,960,attn_head,33,26,L33H26,0.9,0.9,0.0,-0.0,0.0,0.9,0.9,-0.9,A-AAAAAAAA
7,960,attn_head,34,6,L34H6,0.9,0.9,0.0,-0.0,0.0,0.9,0.9,-0.9,AAAAAAAAA-
7,960,attn_head,34,8,L34H8,0.9,0.9,0.0,-0.0,0.0,0.9,0.9,-0.9,AAAAAAA-AA
7,960,attn_head,34,12,L34H12,0.9,0.9,0.0,-0.0,0.0,0.9,0.9,-0.9,AAAAAA-AAA
7,960,attn_head,34,15,L34H15,0.9,0.9,0.0,-0.0,0.0,0.9,0.9,-0.9,AAAAA-AAAA
7,960,attn_head,34,18,L34H18,0.9,0.9,0.0,-0.0,0.0,0.9,0.9,-0.9,AAAAAAAAA-
7,960,attn_head,34,20,L34H20,0.9,0.9,0.0,-0.0,0.0,0.9,0.9,-0.9,-AAAAAAAAA
7,960,attn_head,41,21,L41H21,0.9,0.9,0.0,-0.0,0.0,0.9,0.9,-0.9,AAAAAAAA-A
7,960,attn_head,41,31,L41H31,0.9,0.9,0.0,-0.0,0.0,0.9,0.9,-0.9,AAAAAAAA-A
7,960,attn_head,40,11,L40H11,0.9,0.9,0.0,-0.0,0.0,0.9,0.9,-0.9,AAAA-AAAAA
7,960,attn_head,40,14,L40H14,0.9,0.9,0.0,-0.0,0.0,0.9,0.9,-0.9,A-AAAAAAAA
7,960,attn_head,41,6,L41H6,0.9,0.9,0.0,-0.0,0.0,0.9,0.9,-0.9,AAA-AAAAAA
7,960,attn_head,41,7,L41H7,0.9,0.9,0.0,-0.0,0.0,0.9,0.9,-0.9,AAAA-AAAAA
7,960,attn_head,41,8,L41H8,0.9,0.9,0.0,-0.0,0.0,0.9,0.9,-0.9,AA-AAAAAAA
7,960,attn_head,41,10,L41H10,0.9,0.9,0.0,-0.0,0.0,0.9,0.9,-0.9,AAAAAAAAA-
7,960,attn_head,41,14,L41H14,0.9,0.9,0.0,-0.0,0.0,0.9,0.9,-0.9,AAAAA-AAAA
7,960,attn_head,41,16,L41H16,0.9,0.9,0.0,-0.0,0.0,0.9,0.9,-0.9,A-AAAAAAAA
7,960,attn_head,47,34,L47H34,0.9,0.9,0.0,-0.0,0.0,0.9,0.9,-0.9,AAAAAA-AAA
7,960,attn_head,47,39,L47H39,0.9,0.9,0.0,-0.0,0.0,0.9,0.9,-0.9,AAAA-AAAAA
7,960,mlp,33,-1,L33_MLP,0.9,0.9,0.0,-0.0,0.0,0.9,0.9,-0.9,AAAAAAAA-A
7,960,mlp,34,-1,L34_MLP,0.9,0.9,0.0,-0.0,0.0,0.9,0.9,-0.9,AAAAAA-AAA
7,960,attn_head,41,5,L41H5,0.9,0.9,0.0,-0.0,0.0,0.9,0.9,-0.9,AAAA-AAAAA
7,960,attn_head,32,35,L32H35,0.9,0.9,0.0,-0.0,0.0,0.9,0.9,-0.9,AAAAAAAA-A
7,960,attn_head,33,1,L33H1,0.9,0.9,0.0,-0.0,0.0,0.9,0.9,-0.9,AAAAAAAAA-
7,960,attn_head,47,20,L47H20,0.9,0.9,0.0,-0.0,0.0,0.9,0.9,-0.9,AAAAAAAAA-
7,960,attn_head,47,24,L47H24,0.9,0.9,0.0,-0.0,0.0,0.9,0.9,-0.9,A-AAAAAAAA
7,960,attn_head,47,31,L47H31,0.9,0.9,0.0,-0.0,0.0,0.9,0.9,-0.9,-AAAAAAAAA
7,960,attn_head,47,32,L47H32,0.9,0.9,0.0,-0.0,0.0,0.9,0.9,-0.9,AAAA-AAAAA
7,960,attn_head,47,33,L47H33,0.9,0.9,0.0,-0.0,0.0,0.9,0.9,-0.9,AAAA-AAAAA
7,960,attn_head,47,28,L47H28,0.9,1.0,0.09999999999999998,-0.09999999999999998,0.0,1.0,1.0,-1.0,AAAAAAAAAA
7,960,attn_head,47,36,L47H36,0.9,1.0,0.09999999999999998,-0.09999999999999998,0.0,1.0,1.0,-1.0,AAAAAAAAAA
7,960,attn_head,47,38,L47H38,0.9,1.0,0.09999999999999998,-0.09999999999999998,0.0,1.0,1.0,-1.0,AAAAAAAAAA
7,960,mlp,40,-1,L40_MLP,0.9,1.0,0.09999999999999998,-0.09999999999999998,0.0,1.0,1.0,-1.0,AAAAAAAAAA
7,960,attn_head,41,11,L41H11,0.9,1.0,0.09999999999999998,-0.09999999999999998,0.0,1.0,1.0,-1.0,AAAAAAAAAA
7,960,attn_head,41,13,L41H13,0.9,1.0,0.09999999999999998,-0.09999999999999998,0.0,1.0,1.0,-1.0,AAAAAAAAAA
7,960,attn_head,41,32,L41H32,0.9,1.0,0.09999999999999998,-0.09999999999999998,0.0,1.0,1.0,-1.0,AAAAAAAAAA
7,960,attn_head,41,34,L41H34,0.9,1.0,0.09999999999999998,-0.09999999999999998,0.0,1.0,1.0,-1.0,AAAAAAAAAA
7,960,attn_head,40,15,L40H15,0.9,1.0,0.09999999999999998,-0.09999999999999998,0.0,1.0,1.0,-1.0,AAAAAAAAAA
7,960,attn_head,40,17,L40H17,0.9,1.0,0.09999999999999998,-0.09999999999999998,0.0,1.0,1.0,-1.0,AAAAAAAAAA
7,960,attn_head,34,2,L34H2,0.9,1.0,0.09999999999999998,-0.09999999999999998,0.0,1.0,1.0,-1.0,AAAAAAAAAA
7,960,attn_head,34,5,L34H5,0.9,1.0,0.09999999999999998,-0.09999999999999998,0.0,1.0,1.0,-1.0,AAAAAAAAAA
7,960,attn_head,33,9,L33H9,0.9,1.0,0.09999999999999998,-0.09999999999999998,0.0,1.0,1.0,-1.0,AAAAAAAAAA
7,960,attn_head,33,13,L33H13,0.9,1.0,0.09999999999999998,-0.09999999999999998,0.0,1.0,1.0,-1.0,AAAAAAAAAA
7,960,attn_head,33,17,L33H17,0.9,1.0,0.09999999999999998,-0.09999999999999998,0.0,1.0,1.0,-1.0,AAAAAAAAAA
7,960,attn_head,33,31,L33H31,0.9,1.0,0.09999999999999998,-0.09999999999999998,0.0,1.0,1.0,-1.0,AAAAAAAAAA
7,960,attn_head,33,33,L33H33,0.9,1.0,0.09999999999999998,-0.09999999999999998,0.0,1.0,1.0,-1.0,AAAAAAAAAA
7,960,attn_head,47,4,L47H4,0.9,1.0,0.09999999999999998,-0.09999999999999998,0.0,1.0,1.0,-1.0,AAAAAAAAAA
7,960,attn_head,47,12,L47H12,0.9,1.0,0.09999999999999998,-0.09999999999999998,0.0,1.0,1.0,-1.0,AAAAAAAAAA
7,960,attn_head,47,16,L47H16,0.9,1.0,0.09999999999999998,-0.09999999999999998,0.0,1.0,1.0,-1.0,AAAAAAAAAA
7,960,attn_head,32,4,L32H4,0.9,1.0,0.09999999999999998,-0.09999999999999998,0.0,1.0,1.0,-1.0,AAAAAAAAAA
7,960,attn_head,38,26,L38H26,0.9,1.0,0.09999999999999998,-0.09999999999999998,0.0,1.0,1.0,-1.0,AAAAAAAAAA
7,960,attn_head,44,12,L44H12,0.9,1.0,0.09999999999999998,-0.09999999999999998,0.0,1.0,1.0,-1.0,AAAAAAAAAA
7,960,attn_head,44,13,L44H13,0.9,1.0,0.09999999999999998,-0.09999999999999998,0.0,1.0,1.0,-1.0,AAAAAAAAAA
7,960,attn_head,44,14,L44H14,0.9,1.0,0.09999999999999998,-0.09999999999999998,0.0,1.0,1.0,-1.0,AAAAAAAAAA
7,960,attn_head,44,15,L44H15,0.9,1.0,0.09999999999999998,-0.09999999999999998,0.0,1.0,1.0,-1.0,AAAAAAAAAA
7,960,attn_head,44,18,L44H18,0.9,1.0,0.09999999999999998,-0.09999999999999998,0.0,1.0,1.0,-1.0,AAAAAAAAAA
7,960,attn_head,44,24,L44H24,0.9,1.0,0.09999999999999998,-0.09999999999999998,0.0,1.0,1.0,-1.0,AAAAAAAAAA
7,960,attn_head,44,29,L44H29,0.9,1.0,0.09999999999999998,-0.09999999999999998,0.0,1.0,1.0,-1.0,AAAAAAAAAA
7,960,attn_head,44,32,L44H32,0.9,1.0,0.09999999999999998,-0.09999999999999998,0.0,1.0,1.0,-1.0,AAAAAAAAAA
7,960,attn_head,44,36,L44H36,0.9,1.0,0.09999999999999998,-0.09999999999999998,0.0,1.0,1.0,-1.0,AAAAAAAAAA
7,960,attn_head,37,3,L37H3,0.9,1.0,0.09999999999999998,-0.09999999999999998,0.0,1.0,1.0,-1.0,AAAAAAAAAA
7,960,attn_head,37,6,L37H6,0.9,1.0,0.09999999999999998,-0.09999999999999998,0.0,1.0,1.0,-1.0,AAAAAAAAAA
7,960,attn_head,37,12,L37H12,0.9,1.0,0.09999999999999998,-0.09999999999999998,0.0,1.0,1.0,-1.0,AAAAAAAAAA
7,960,attn_head,37,13,L37H13,0.9,1.0,0.09999999999999998,-0.09999999999999998,0.0,1.0,1.0,-1.0,AAAAAAAAAA
7,960,attn_head,37,14,L37H14,0.9,1.0,0.09999999999999998,-0.09999999999999998,0.0,1.0,1.0,-1.0,AAAAAAAAAA
7,960,attn_head,37,27,L37H27,0.9,1.0,0.09999999999999998,-0.09999999999999998,0.0,1.0,1.0,-1.0,AAAAAAAAAA
7,960,attn_head,37,28,L37H28,0.9,1.0,0.09999999999999998,-0.09999999999999998,0.0,1.0,1.0,-1.0,AAAAAAAAAA
7,960,attn_head,37,29,L37H29,0.9,1.0,0.09999999999999998,-0.09999999999999998,0.0,1.0,1.0,-1.0,AAAAAAAAAA
7,960,attn_head,37,31,L37H31,0.9,1.0,0.09999999999999998,-0.09999999999999998,0.0,1.0,1.0,-1.0,AAAAAAAAAA
7,960,attn_head,37,33,L37H33,0.9,1.0,0.09999999999999998,-0.09999999999999998,0.0,1.0,1.0,-1.0,AAAAAAAAAA
7,960,attn_head,36,13,L36H13,0.9,1.0,0.09999999999999998,-0.09999999999999998,0.0,1.0,1.0,-1.0,AAAAAAAAAA
7,960,attn_head,36,25,L36H25,0.9,1.0,0.09999999999999998,-0.09999999999999998,0.0,1.0,1.0,-1.0,AAAAAAAAAA
7,960,attn_head,36,26,L36H26,0.9,1.0,0.09999999999999998,-0.09999999999999998,0.0,1.0,1.0,-1.0,AAAAAAAAAA
7,960,attn_head,36,28,L36H28,0.9,1.0,0.09999999999999998,-0.09999999999999998,0.0,1.0,1.0,-1.0,AAAAAAAAAA
7,960,attn_head,36,38,L36H38,0.9,1.0,0.09999999999999998,-0.09999999999999998,0.0,1.0,1.0,-1.0,AAAAAAAAAA
7,960,attn_head,36,39,L36H39,0.9,1.0,0.09999999999999998,-0.09999999999999998,0.0,1.0,1.0,-1.0,AAAAAAAAAA
7,960,attn_head,45,12,L45H12,0.9,1.0,0.09999999999999998,-0.09999999999999998,0.0,1.0,1.0,-1.0,AAAAAAAAAA
7,960,attn_head,45,15,L45H15,0.9,1.0,0.09999999999999998,-0.09999999999999998,0.0,1.0,1.0,-1.0,AAAAAAAAAA
7,960,attn_head,45,18,L45H18,0.9,1.0,0.09999999999999998,-0.09999999999999998,0.0,1.0,1.0,-1.0,AAAAAAAAAA
7,960,attn_head,45,24,L45H24,0.9,1.0,0.09999999999999998,-0.09999999999999998,0.0,1.0,1.0,-1.0,AAAAAAAAAA
7,960,attn_head,35,21,L35H21,0.9,1.0,0.09999999999999998,-0.09999999999999998,0.0,1.0,1.0,-1.0,AAAAAAAAAA
7,960,attn_head,43,23,L43H23,0.9,1.0,0.09999999999999998,-0.09999999999999998,0.0,1.0,1.0,-1.0,AAAAAAAAAA
7,960,attn_head,43,24,L43H24,0.9,1.0,0.09999999999999998,-0.09999999999999998,0.0,1.0,1.0,-1.0,AAAAAAAAAA
7,960,attn_head,43,27,L43H27,0.9,1.0,0.09999999999999998,-0.09999999999999998,0.0,1.0,1.0,-1.0,AAAAAAAAAA
7,960,attn_head,43,37,L43H37,0.9,1.0,0.09999999999999998,-0.09999999999999998,0.0,1.0,1.0,-1.0,AAAAAAAAAA
7,960,attn_head,43,39,L43H39,0.9,1.0,0.09999999999999998,-0.09999999999999998,0.0,1.0,1.0,-1.0,AAAAAAAAAA
7,960,attn_head,37,35,L37H35,0.9,1.0,0.09999999999999998,-0.09999999999999998,0.0,1.0,1.0,-1.0,AAAAAAAAAA
7,960,attn_head,37,36,L37H36,0.9,1.0,0.09999999999999998,-0.09999999999999998,0.0,1.0,1.0,-1.0,AAAAAAAAAA
7,960,attn_head,38,9,L38H9,0.9,1.0,0.09999999999999998,-0.09999999999999998,0.0,1.0,1.0,-1.0,AAAAAAAAAA
7,960,attn_head,38,14,L38H14,0.9,1.0,0.09999999999999998,-0.09999999999999998,0.0,1.0,1.0,-1.0,AAAAAAAAAA
7,960,attn_head,40,4,L40H4,0.9,1.0,0.09999999999999998,-0.09999999999999998,0.0,1.0,1.0,-1.0,AAAAAAAAAA
7,960,attn_head,43,4,L43H4,0.9,1.0,0.09999999999999998,-0.09999999999999998,0.0,1.0,1.0,-1.0,AAAAAAAAAA
7,960,attn_head,43,7,L43H7,0.9,1.0,0.09999999999999998,-0.09999999999999998,0.0,1.0,1.0,-1.0,AAAAAAAAAA
7,960,attn_head,43,8,L43H8,0.9,1.0,0.09999999999999998,-0.09999999999999998,0.0,1.0,1.0,-1.0,AAAAAAAAAA
7,960,attn_head,43,11,L43H11,0.9,1.0,0.09999999999999998,-0.09999999999999998,0.0,1.0,1.0,-1.0,AAAAAAAAAA
7,960,attn_head,43,15,L43H15,0.9,1.0,0.09999999999999998,-0.09999999999999998,0.0,1.0,1.0,-1.0,AAAAAAAAAA
7,960,attn_head,38,33,L38H33,0.9,1.0,0.09999999999999998,-0.09999999999999998,0.0,1.0,1.0,-1.0,AAAAAAAAAA
7,960,attn_head,39,1,L39H1,0.9,1.0,0.09999999999999998,-0.09999999999999998,0.0,1.0,1.0,-1.0,AAAAAAAAAA
7,960,attn_head,39,4,L39H4,0.9,1.0,0.09999999999999998,-0.09999999999999998,0.0,1.0,1.0,-1.0,AAAAAAAAAA
7,960,attn_head,39,10,L39H10,0.9,1.0,0.09999999999999998,-0.09999999999999998,0.0,1.0,1.0,-1.0,AAAAAAAAAA
7,960,attn_head,40,24,L40H24,0.9,1.0,0.09999999999999998,-0.09999999999999998,0.0,1.0,1.0,-1.0,AAAAAAAAAA
7,960,attn_head,40,25,L40H25,0.9,1.0,0.09999999999999998,-0.09999999999999998,0.0,1.0,1.0,-1.0,AAAAAAAAAA
7,960,attn_head,40,33,L40H33,0.9,1.0,0.09999999999999998,-0.09999999999999998,0.0,1.0,1.0,-1.0,AAAAAAAAAA
7,960,attn_head,40,37,L40H37,0.9,1.0,0.09999999999999998,-0.09999999999999998,0.0,1.0,1.0,-1.0,AAAAAAAAAA
7,960,attn_head,42,3,L42H3,0.9,1.0,0.09999999999999998,-0.09999999999999998,0.0,1.0,1.0,-1.0,AAAAAAAAAA
7,960,attn_head,42,21,L42H21,0.9,1.0,0.09999999999999998,-0.09999999999999998,0.0,1.0,1.0,-1.0,AAAAAAAAAA
7,960,attn_head,42,22,L42H22,0.9,1.0,0.09999999999999998,-0.09999999999999998,0.0,1.0,1.0,-1.0,AAAAAAAAAA
7,960,attn_head,42,25,L42H25,0.9,1.0,0.09999999999999998,-0.09999999999999998,0.0,1.0,1.0,-1.0,AAAAAAAAAA
7,960,attn_head,39,28,L39H28,0.9,1.0,0.09999999999999998,-0.09999999999999998,0.0,1.0,1.0,-1.0,AAAAAAAAAA
7,960,attn_head,39,33,L39H33,0.9,1.0,0.09999999999999998,-0.09999999999999998,0.0,1.0,1.0,-1.0,AAAAAAAAAA
7,960,attn_head,35,27,L35H27,0.9,1.0,0.09999999999999998,-0.09999999999999998,0.0,1.0,1.0,-1.0,AAAAAAAAAA
7,960,attn_head,35,28,L35H28,0.9,1.0,0.09999999999999998,-0.09999999999999998,0.0,1.0,1.0,-1.0,AAAAAAAAAA
7,960,attn_head,35,33,L35H33,0.9,1.0,0.09999999999999998,-0.09999999999999998,0.0,1.0,1.0,-1.0,AAAAAAAAAA
7,960,attn_head,35,34,L35H34,0.9,1.0,0.09999999999999998,-0.09999999999999998,0.0,1.0,1.0,-1.0,AAAAAAAAAA
7,960,attn_head,34,30,L34H30,0.9,1.0,0.09999999999999998,-0.09999999999999998,0.0,1.0,1.0,-1.0,AAAAAAAAAA
7,960,attn_head,34,38,L34H38,0.9,1.0,0.09999999999999998,-0.09999999999999998,0.0,1.0,1.0,-1.0,AAAAAAAAAA
7,960,attn_head,35,17,L35H17,0.9,1.0,0.09999999999999998,-0.09999999999999998,0.0,1.0,1.0,-1.0,AAAAAAAAAA
7,960,attn_head,46,21,L46H21,0.9,1.0,0.09999999999999998,-0.09999999999999998,0.0,1.0,1.0,-1.0,AAAAAAAAAA
7,960,attn_head,32,33,L32H33,0.9,1.0,0.09999999999999998,-0.09999999999999998,0.0,1.0,1.0,-1.0,AAAAAAAAAA
7,960,attn_head,32,29,L32H29,0.9,1.0,0.09999999999999998,-0.09999999999999998,0.0,1.0,1.0,-1.0,AAAAAAAAAA
7,960,mlp,46,-1,L46_MLP,0.9,1.0,0.09999999999999998,-0.09999999999999998,0.0,1.0,1.0,-1.0,AAAAAAAAAA
7,960,attn_head,32,27,L32H27,0.9,1.0,0.09999999999999998,-0.09999999999999998,0.0,1.0,1.0,-1.0,AAAAAAAAAA
